"id","firstname","lastname","upn","email2","license"
"117","Concettina","Ietta","Concettina.Ietta@yopmail.com","Concettina.Ietta@gmail.com","doctor"
"118","Renie","Hashim","Renie.Hashim@yopmail.com","Renie.Hashim@gmail.com","police officer"
"404","Jacquetta","Howlyn","Jacquetta.Howlyn@yopmail.com","Jacquetta.Howlyn@gmail.com","developer"
"405","Madeleine","Rubie","Madeleine.Rubie@yopmail.com","Madeleine.Rubie@gmail.com","police officer"
"406","Annecorinne","Berne","Annecorinne.Berne@yopmail.com","Annecorinne.Berne@gmail.com","worker"
"407","Jeanna","Sherfield","Jeanna.Sherfield@yopmail.com","Jeanna.Sherfield@gmail.com","firefighter"
"408","Daphne","Gladstone","Daphne.Gladstone@yopmail.com","Daphne.Gladstone@gmail.com","worker"
"409","Kittie","Rustice","Kittie.Rustice@yopmail.com","Kittie.Rustice@gmail.com","doctor"
"410","Tersina","Caitlin","Tersina.Caitlin@yopmail.com","Tersina.Caitlin@gmail.com","police officer"
"411","Nollie","Dannye","Nollie.Dannye@yopmail.com","Nollie.Dannye@gmail.com","worker"
"412","Jeanna","August","Jeanna.August@yopmail.com","Jeanna.August@gmail.com","police officer"
"413","Blondelle","Hilbert","Blondelle.Hilbert@yopmail.com","Blondelle.Hilbert@gmail.com","police officer"
"414","Rayna","Bertold","Rayna.Bertold@yopmail.com","Rayna.Bertold@gmail.com","developer"
"415","Estell","Primalia","Estell.Primalia@yopmail.com","Estell.Primalia@gmail.com","police officer"
"416","Christal","Hurley","Christal.Hurley@yopmail.com","Christal.Hurley@gmail.com","doctor"
"908","Dyann","Schalles","Dyann.Schalles@yopmail.com","Dyann.Schalles@gmail.com","developer"
"909","Fidelia","Dulciana","Fidelia.Dulciana@yopmail.com","Fidelia.Dulciana@gmail.com","firefighter"
"910","Eve","Lamoree","Eve.Lamoree@yopmail.com","Eve.Lamoree@gmail.com","police officer"
"911","Marline","Milson","Marline.Milson@yopmail.com","Marline.Milson@gmail.com","worker"
"912","Orelia","Amadas","Orelia.Amadas@yopmail.com","Orelia.Amadas@gmail.com","developer"
"913","Layla","Kristi","Layla.Kristi@yopmail.com","Layla.Kristi@gmail.com","doctor"
"914","Willetta","Trace","Willetta.Trace@yopmail.com","Willetta.Trace@gmail.com","firefighter"
"915","Kimmy","Trey","Kimmy.Trey@yopmail.com","Kimmy.Trey@gmail.com","police officer"
"916","Corina","Zenas","Corina.Zenas@yopmail.com","Corina.Zenas@gmail.com","firefighter"
"917","Laurene","Thilda","Laurene.Thilda@yopmail.com","Laurene.Thilda@gmail.com","firefighter"
"967","Lyssa","Saint","Lyssa.Saint@yopmail.com","Lyssa.Saint@gmail.com","firefighter"
"968","Mureil","Dahlia","Mureil.Dahlia@yopmail.com","Mureil.Dahlia@gmail.com","firefighter"
"969","Gabi","Cristi","Gabi.Cristi@yopmail.com","Gabi.Cristi@gmail.com","worker"
"970","Amalie","Erich","Amalie.Erich@yopmail.com","Amalie.Erich@gmail.com","police officer"
"971","Hermione","Ehrman","Hermione.Ehrman@yopmail.com","Hermione.Ehrman@gmail.com","doctor"
"972","Gusella","Hamil","Gusella.Hamil@yopmail.com","Gusella.Hamil@gmail.com","developer"
"973","Silvana","Delila","Silvana.Delila@yopmail.com","Silvana.Delila@gmail.com","firefighter"
"974","Lory","Maribeth","Lory.Maribeth@yopmail.com","Lory.Maribeth@gmail.com","police officer"
"975","Glynnis","Jenness","Glynnis.Jenness@yopmail.com","Glynnis.Jenness@gmail.com","firefighter"
"976","Magdalena","Annabella","Magdalena.Annabella@yopmail.com","Magdalena.Annabella@gmail.com","doctor"
"977","Mureil","Ummersen","Mureil.Ummersen@yopmail.com","Mureil.Ummersen@gmail.com","police officer"
"978","Nollie","Fiester","Nollie.Fiester@yopmail.com","Nollie.Fiester@gmail.com","developer"
"979","June","Vale","June.Vale@yopmail.com","June.Vale@gmail.com","worker"
"980","Jenilee","Euridice","Jenilee.Euridice@yopmail.com","Jenilee.Euridice@gmail.com","doctor"
"981","Kial","Karl","Kial.Karl@yopmail.com","Kial.Karl@gmail.com","firefighter"
"982","Margette","Jacinda","Margette.Jacinda@yopmail.com","Margette.Jacinda@gmail.com","developer"
"983","Tamqrah","Georas","Tamqrah.Georas@yopmail.com","Tamqrah.Georas@gmail.com","doctor"
"984","Marita","Teryn","Marita.Teryn@yopmail.com","Marita.Teryn@gmail.com","developer"
"985","Elbertina","Sheedy","Elbertina.Sheedy@yopmail.com","Elbertina.Sheedy@gmail.com","police officer"
"986","Cordi","Madelene","Cordi.Madelene@yopmail.com","Cordi.Madelene@gmail.com","firefighter"
