id,firstname,lastname,upn,email2,license
100,Lynnea,Wandie,Lynnea.Wandie@yopmail.com,Lynnea.Wandie@gmail.com,firefighter
101,Elise,Denis,Elise.Denis@yopmail.com,Elise.Denis@gmail.com,worker
102,Alyssa,Bigner,Alyssa.Bigner@yopmail.com,Alyssa.Bigner@gmail.com,firefighter
103,Josephine,Chandler,Josephine.Chandler@yopmail.com,Josephine.Chandler@gmail.com,worker
104,Siana,Obed,Siana.Obed@yopmail.com,Siana.Obed@gmail.com,firefighter
105,Ernesta,Dash,Ernesta.Dash@yopmail.com,Ernesta.Dash@gmail.com,developer
106,Augustine,Smitt,Augustine.Smitt@yopmail.com,Augustine.Smitt@gmail.com,developer
107,Modestia,Wenoa,Modestia.Wenoa@yopmail.com,Modestia.Wenoa@gmail.com,developer
108,Albertina,Belanger,Albertina.Belanger@yopmail.com,Albertina.Belanger@gmail.com,police officer
109,Lyssa,Kress,Lyssa.Kress@yopmail.com,Lyssa.Kress@gmail.com,worker
110,Tarra,Dudley,Tarra.Dudley@yopmail.com,Tarra.Dudley@gmail.com,developer
111,Kore,Dyche,Kore.Dyche@yopmail.com,Kore.Dyche@gmail.com,worker
112,Genevra,Sacken,Genevra.Sacken@yopmail.com,Genevra.Sacken@gmail.com,doctor
113,Lynnea,Clarissa,Lynnea.Clarissa@yopmail.com,Lynnea.Clarissa@gmail.com,worker
114,Kayla,Weinreb,Kayla.Weinreb@yopmail.com,Kayla.Weinreb@gmail.com,doctor
115,Orsola,Hartnett,Orsola.Hartnett@yopmail.com,Orsola.Hartnett@gmail.com,worker
116,Tina,Alwin,Tina.Alwin@yopmail.com,Tina.Alwin@gmail.com,firefighter
119,Vonny,Desai,Vonny.Desai@yopmail.com,Vonny.Desai@gmail.com,firefighter
120,Marguerite,Holtz,Marguerite.Holtz@yopmail.com,Marguerite.Holtz@gmail.com,developer
121,Blake,Libna,Blake.Libna@yopmail.com,Blake.Libna@gmail.com,firefighter
122,Melanie,Grayce,Melanie.Grayce@yopmail.com,Melanie.Grayce@gmail.com,police officer
123,Roseline,Raama,Roseline.Raama@yopmail.com,Roseline.Raama@gmail.com,police officer
124,Beatriz,Weitman,Beatriz.Weitman@yopmail.com,Beatriz.Weitman@gmail.com,worker
125,Amelia,Smitt,Amelia.Smitt@yopmail.com,Amelia.Smitt@gmail.com,developer
126,Fredericka,Jary,Fredericka.Jary@yopmail.com,Fredericka.Jary@gmail.com,police officer
127,Berta,Allare,Berta.Allare@yopmail.com,Berta.Allare@gmail.com,developer
128,Doro,Afton,Doro.Afton@yopmail.com,Doro.Afton@gmail.com,firefighter
129,Chickie,Nester,Chickie.Nester@yopmail.com,Chickie.Nester@gmail.com,developer
130,Riannon,Brandice,Riannon.Brandice@yopmail.com,Riannon.Brandice@gmail.com,developer
131,Teriann,Zamora,Teriann.Zamora@yopmail.com,Teriann.Zamora@gmail.com,developer
132,Tera,Rodmann,Tera.Rodmann@yopmail.com,Tera.Rodmann@gmail.com,firefighter
133,Bertine,Brian,Bertine.Brian@yopmail.com,Bertine.Brian@gmail.com,police officer
134,Joelly,Leopold,Joelly.Leopold@yopmail.com,Joelly.Leopold@gmail.com,police officer
135,Cathie,Creamer,Cathie.Creamer@yopmail.com,Cathie.Creamer@gmail.com,worker
136,Larine,Thornburg,Larine.Thornburg@yopmail.com,Larine.Thornburg@gmail.com,worker
137,Sheree,Norvol,Sheree.Norvol@yopmail.com,Sheree.Norvol@gmail.com,worker
138,Brooks,Raimondo,Brooks.Raimondo@yopmail.com,Brooks.Raimondo@gmail.com,police officer
139,Mathilda,Decato,Mathilda.Decato@yopmail.com,Mathilda.Decato@gmail.com,doctor
140,Tersina,Anastatius,Tersina.Anastatius@yopmail.com,Tersina.Anastatius@gmail.com,police officer
141,Joleen,Kellby,Joleen.Kellby@yopmail.com,Joleen.Kellby@gmail.com,firefighter
142,Cyndie,Yusuk,Cyndie.Yusuk@yopmail.com,Cyndie.Yusuk@gmail.com,doctor
143,Nicoli,Saunderson,Nicoli.Saunderson@yopmail.com,Nicoli.Saunderson@gmail.com,developer
144,Roberta,Valerio,Roberta.Valerio@yopmail.com,Roberta.Valerio@gmail.com,police officer
145,Dione,Keelia,Dione.Keelia@yopmail.com,Dione.Keelia@gmail.com,developer
146,Lesly,Dyche,Lesly.Dyche@yopmail.com,Lesly.Dyche@gmail.com,worker
147,Clementine,Mintz,Clementine.Mintz@yopmail.com,Clementine.Mintz@gmail.com,developer
148,Mady,Wolfgram,Mady.Wolfgram@yopmail.com,Mady.Wolfgram@gmail.com,doctor
149,Zondra,Lissi,Zondra.Lissi@yopmail.com,Zondra.Lissi@gmail.com,firefighter
150,Mallory,Brandice,Mallory.Brandice@yopmail.com,Mallory.Brandice@gmail.com,firefighter
151,Stephanie,Vanni,Stephanie.Vanni@yopmail.com,Stephanie.Vanni@gmail.com,worker
152,Candy,Sheng,Candy.Sheng@yopmail.com,Candy.Sheng@gmail.com,worker
153,Sabina,Kress,Sabina.Kress@yopmail.com,Sabina.Kress@gmail.com,firefighter
154,Kylynn,Leonard,Kylynn.Leonard@yopmail.com,Kylynn.Leonard@gmail.com,doctor
155,Mamie,Kellby,Mamie.Kellby@yopmail.com,Mamie.Kellby@gmail.com,developer
156,Roseline,Ezar,Roseline.Ezar@yopmail.com,Roseline.Ezar@gmail.com,doctor
157,Catharine,Obed,Catharine.Obed@yopmail.com,Catharine.Obed@gmail.com,worker
158,Sybille,Oneida,Sybille.Oneida@yopmail.com,Sybille.Oneida@gmail.com,police officer
159,Leeanne,Marsden,Leeanne.Marsden@yopmail.com,Leeanne.Marsden@gmail.com,developer
160,Deloria,Liva,Deloria.Liva@yopmail.com,Deloria.Liva@gmail.com,developer
161,Kalina,Andrel,Kalina.Andrel@yopmail.com,Kalina.Andrel@gmail.com,doctor
162,Briney,Lail,Briney.Lail@yopmail.com,Briney.Lail@gmail.com,worker
163,Abbie,Dosia,Abbie.Dosia@yopmail.com,Abbie.Dosia@gmail.com,doctor
164,Susan,Jefferey,Susan.Jefferey@yopmail.com,Susan.Jefferey@gmail.com,police officer
165,Ekaterina,Niccolo,Ekaterina.Niccolo@yopmail.com,Ekaterina.Niccolo@gmail.com,doctor
166,Brianna,Kenwood,Brianna.Kenwood@yopmail.com,Brianna.Kenwood@gmail.com,police officer
167,Brietta,Munn,Brietta.Munn@yopmail.com,Brietta.Munn@gmail.com,developer
168,Violet,Justinn,Violet.Justinn@yopmail.com,Violet.Justinn@gmail.com,firefighter
169,Wynne,Bronk,Wynne.Bronk@yopmail.com,Wynne.Bronk@gmail.com,police officer
170,Tybie,Anis,Tybie.Anis@yopmail.com,Tybie.Anis@gmail.com,worker
171,Teriann,Delacourt,Teriann.Delacourt@yopmail.com,Teriann.Delacourt@gmail.com,developer
172,Laure,Berriman,Laure.Berriman@yopmail.com,Laure.Berriman@gmail.com,worker
173,Charlena,Seumas,Charlena.Seumas@yopmail.com,Charlena.Seumas@gmail.com,police officer
174,Oralee,Delila,Oralee.Delila@yopmail.com,Oralee.Delila@gmail.com,firefighter
175,Jasmina,Gibbeon,Jasmina.Gibbeon@yopmail.com,Jasmina.Gibbeon@gmail.com,worker
176,Stevana,Dosia,Stevana.Dosia@yopmail.com,Stevana.Dosia@gmail.com,developer
177,Chandra,Bach,Chandra.Bach@yopmail.com,Chandra.Bach@gmail.com,worker
178,Agathe,Carlson,Agathe.Carlson@yopmail.com,Agathe.Carlson@gmail.com,firefighter
179,Nelle,Halsey,Nelle.Halsey@yopmail.com,Nelle.Halsey@gmail.com,developer
180,Halette,Bronk,Halette.Bronk@yopmail.com,Halette.Bronk@gmail.com,firefighter
181,Cristine,Bohlin,Cristine.Bohlin@yopmail.com,Cristine.Bohlin@gmail.com,firefighter
182,Priscilla,Shields,Priscilla.Shields@yopmail.com,Priscilla.Shields@gmail.com,police officer
183,Vere,Urania,Vere.Urania@yopmail.com,Vere.Urania@gmail.com,worker
184,Ellette,Emerson,Ellette.Emerson@yopmail.com,Ellette.Emerson@gmail.com,firefighter
185,Cordi,Liva,Cordi.Liva@yopmail.com,Cordi.Liva@gmail.com,developer
186,Stevana,Rosalba,Stevana.Rosalba@yopmail.com,Stevana.Rosalba@gmail.com,developer
187,Aili,Miru,Aili.Miru@yopmail.com,Aili.Miru@gmail.com,firefighter
188,Sidoney,Gabrielli,Sidoney.Gabrielli@yopmail.com,Sidoney.Gabrielli@gmail.com,firefighter
189,Charissa,Slifka,Charissa.Slifka@yopmail.com,Charissa.Slifka@gmail.com,doctor
190,Melanie,Chapland,Melanie.Chapland@yopmail.com,Melanie.Chapland@gmail.com,developer
191,Frank,Girardo,Frank.Girardo@yopmail.com,Frank.Girardo@gmail.com,developer
192,Damaris,Regan,Damaris.Regan@yopmail.com,Damaris.Regan@gmail.com,developer
193,Emmey,Shirberg,Emmey.Shirberg@yopmail.com,Emmey.Shirberg@gmail.com,police officer
194,Willetta,Rosemary,Willetta.Rosemary@yopmail.com,Willetta.Rosemary@gmail.com,worker
195,Angela,Caitlin,Angela.Caitlin@yopmail.com,Angela.Caitlin@gmail.com,firefighter
196,Molli,Hilbert,Molli.Hilbert@yopmail.com,Molli.Hilbert@gmail.com,doctor
197,Gavrielle,Middleton,Gavrielle.Middleton@yopmail.com,Gavrielle.Middleton@gmail.com,police officer
198,Sherrie,Oriana,Sherrie.Oriana@yopmail.com,Sherrie.Oriana@gmail.com,developer
199,Valera,Catie,Valera.Catie@yopmail.com,Valera.Catie@gmail.com,police officer
200,Karlee,Behre,Karlee.Behre@yopmail.com,Karlee.Behre@gmail.com,developer
201,Merry,Raseda,Merry.Raseda@yopmail.com,Merry.Raseda@gmail.com,developer
202,Joleen,Alva,Joleen.Alva@yopmail.com,Joleen.Alva@gmail.com,firefighter
203,Marti,Montgomery,Marti.Montgomery@yopmail.com,Marti.Montgomery@gmail.com,worker
204,Genevra,Seagraves,Genevra.Seagraves@yopmail.com,Genevra.Seagraves@gmail.com,developer
205,Sharlene,Koehler,Sharlene.Koehler@yopmail.com,Sharlene.Koehler@gmail.com,firefighter
206,Fidelia,Erminia,Fidelia.Erminia@yopmail.com,Fidelia.Erminia@gmail.com,police officer
207,Yvonne,Rooney,Yvonne.Rooney@yopmail.com,Yvonne.Rooney@gmail.com,doctor
208,Jessy,Stoller,Jessy.Stoller@yopmail.com,Jessy.Stoller@gmail.com,developer
209,Ernesta,Slifka,Ernesta.Slifka@yopmail.com,Ernesta.Slifka@gmail.com,developer
210,Joeann,Vale,Joeann.Vale@yopmail.com,Joeann.Vale@gmail.com,firefighter
211,Sheree,Alva,Sheree.Alva@yopmail.com,Sheree.Alva@gmail.com,worker
212,Magdalena,Raimondo,Magdalena.Raimondo@yopmail.com,Magdalena.Raimondo@gmail.com,police officer
213,Frieda,Amethist,Frieda.Amethist@yopmail.com,Frieda.Amethist@gmail.com,police officer
214,Amalie,Sibyls,Amalie.Sibyls@yopmail.com,Amalie.Sibyls@gmail.com,firefighter
215,Wilma,Screens,Wilma.Screens@yopmail.com,Wilma.Screens@gmail.com,worker
216,Jemie,Gusella,Jemie.Gusella@yopmail.com,Jemie.Gusella@gmail.com,doctor
217,Aili,McGrody,Aili.McGrody@yopmail.com,Aili.McGrody@gmail.com,worker
218,Vere,Hepsibah,Vere.Hepsibah@yopmail.com,Vere.Hepsibah@gmail.com,doctor
219,Rochette,Schonfeld,Rochette.Schonfeld@yopmail.com,Rochette.Schonfeld@gmail.com,doctor
220,Ardenia,Hebner,Ardenia.Hebner@yopmail.com,Ardenia.Hebner@gmail.com,doctor
221,Eolanda,Ezar,Eolanda.Ezar@yopmail.com,Eolanda.Ezar@gmail.com,developer
222,Jacquetta,Infield,Jacquetta.Infield@yopmail.com,Jacquetta.Infield@gmail.com,developer
223,Marguerite,Arquit,Marguerite.Arquit@yopmail.com,Marguerite.Arquit@gmail.com,developer
224,Helsa,Alice,Helsa.Alice@yopmail.com,Helsa.Alice@gmail.com,firefighter
225,Hollie,Yate,Hollie.Yate@yopmail.com,Hollie.Yate@gmail.com,worker
226,Althea,Mich,Althea.Mich@yopmail.com,Althea.Mich@gmail.com,worker
227,Laure,Lia,Laure.Lia@yopmail.com,Laure.Lia@gmail.com,doctor
228,Tani,Odysseus,Tani.Odysseus@yopmail.com,Tani.Odysseus@gmail.com,firefighter
229,Randa,Ahab,Randa.Ahab@yopmail.com,Randa.Ahab@gmail.com,developer
230,Emylee,Wattenberg,Emylee.Wattenberg@yopmail.com,Emylee.Wattenberg@gmail.com,police officer
231,Allis,Konyn,Allis.Konyn@yopmail.com,Allis.Konyn@gmail.com,doctor
232,Jany,Lail,Jany.Lail@yopmail.com,Jany.Lail@gmail.com,worker
233,Corina,Daveta,Corina.Daveta@yopmail.com,Corina.Daveta@gmail.com,worker
234,Jaclyn,Tamsky,Jaclyn.Tamsky@yopmail.com,Jaclyn.Tamsky@gmail.com,worker
235,Jobi,Rustice,Jobi.Rustice@yopmail.com,Jobi.Rustice@gmail.com,developer
236,Genevra,Chesna,Genevra.Chesna@yopmail.com,Genevra.Chesna@gmail.com,doctor
237,Rosaline,Cleavland,Rosaline.Cleavland@yopmail.com,Rosaline.Cleavland@gmail.com,firefighter
238,Courtnay,Cornelia,Courtnay.Cornelia@yopmail.com,Courtnay.Cornelia@gmail.com,worker
239,Rayna,Ehrman,Rayna.Ehrman@yopmail.com,Rayna.Ehrman@gmail.com,developer
240,Lita,Daveta,Lita.Daveta@yopmail.com,Lita.Daveta@gmail.com,developer
241,Brooks,Eachern,Brooks.Eachern@yopmail.com,Brooks.Eachern@gmail.com,doctor
242,Latisha,Maisey,Latisha.Maisey@yopmail.com,Latisha.Maisey@gmail.com,doctor
243,Jessy,Paine,Jessy.Paine@yopmail.com,Jessy.Paine@gmail.com,police officer
244,Consuela,Mathilde,Consuela.Mathilde@yopmail.com,Consuela.Mathilde@gmail.com,doctor
245,Dorthy,Bonucci,Dorthy.Bonucci@yopmail.com,Dorthy.Bonucci@gmail.com,developer
246,Ira,Lamoree,Ira.Lamoree@yopmail.com,Ira.Lamoree@gmail.com,worker
247,Annice,Cynar,Annice.Cynar@yopmail.com,Annice.Cynar@gmail.com,doctor
248,Concettina,Jefferey,Concettina.Jefferey@yopmail.com,Concettina.Jefferey@gmail.com,doctor
249,Chere,Cath,Chere.Cath@yopmail.com,Chere.Cath@gmail.com,doctor
250,Clarice,Regan,Clarice.Regan@yopmail.com,Clarice.Regan@gmail.com,police officer
251,Frieda,Nadia,Frieda.Nadia@yopmail.com,Frieda.Nadia@gmail.com,firefighter
252,Antonietta,Corilla,Antonietta.Corilla@yopmail.com,Antonietta.Corilla@gmail.com,firefighter
253,Paola,Niccolo,Paola.Niccolo@yopmail.com,Paola.Niccolo@gmail.com,police officer
254,Lynde,Uird,Lynde.Uird@yopmail.com,Lynde.Uird@gmail.com,worker
255,Caryl,Fennessy,Caryl.Fennessy@yopmail.com,Caryl.Fennessy@gmail.com,firefighter
256,Dennie,Syd,Dennie.Syd@yopmail.com,Dennie.Syd@gmail.com,worker
257,Elyssa,Kannry,Elyssa.Kannry@yopmail.com,Elyssa.Kannry@gmail.com,police officer
258,Darci,Jena,Darci.Jena@yopmail.com,Darci.Jena@gmail.com,police officer
259,Marcelline,Goerke,Marcelline.Goerke@yopmail.com,Marcelline.Goerke@gmail.com,firefighter
260,Gavrielle,Campball,Gavrielle.Campball@yopmail.com,Gavrielle.Campball@gmail.com,firefighter
261,Teriann,Frendel,Teriann.Frendel@yopmail.com,Teriann.Frendel@gmail.com,doctor
262,Lucy,Hutchison,Lucy.Hutchison@yopmail.com,Lucy.Hutchison@gmail.com,firefighter
263,Mureil,Toor,Mureil.Toor@yopmail.com,Mureil.Toor@gmail.com,doctor
264,Kathi,Bebe,Kathi.Bebe@yopmail.com,Kathi.Bebe@gmail.com,doctor
265,Ardenia,Xerxes,Ardenia.Xerxes@yopmail.com,Ardenia.Xerxes@gmail.com,worker
266,Demetris,O'Neill,Demetris.O'Neill@yopmail.com,Demetris.O'Neill@gmail.com,developer
267,Binny,Saunderson,Binny.Saunderson@yopmail.com,Binny.Saunderson@gmail.com,firefighter
268,Lesly,Jethro,Lesly.Jethro@yopmail.com,Lesly.Jethro@gmail.com,worker
269,Kathy,Talia,Kathy.Talia@yopmail.com,Kathy.Talia@gmail.com,police officer
270,Bobbi,Pelagias,Bobbi.Pelagias@yopmail.com,Bobbi.Pelagias@gmail.com,police officer
271,Reeba,Paton,Reeba.Paton@yopmail.com,Reeba.Paton@gmail.com,police officer
272,Caressa,Danby,Caressa.Danby@yopmail.com,Caressa.Danby@gmail.com,developer
273,Theodora,Gaspard,Theodora.Gaspard@yopmail.com,Theodora.Gaspard@gmail.com,worker
274,Celene,Pierette,Celene.Pierette@yopmail.com,Celene.Pierette@gmail.com,police officer
275,Lila,Briney,Lila.Briney@yopmail.com,Lila.Briney@gmail.com,police officer
276,Carilyn,Lipson,Carilyn.Lipson@yopmail.com,Carilyn.Lipson@gmail.com,doctor
277,Raquela,Gino,Raquela.Gino@yopmail.com,Raquela.Gino@gmail.com,worker
278,Myriam,Dominy,Myriam.Dominy@yopmail.com,Myriam.Dominy@gmail.com,firefighter
279,Angelique,Yorick,Angelique.Yorick@yopmail.com,Angelique.Yorick@gmail.com,firefighter
280,Emylee,Rad,Emylee.Rad@yopmail.com,Emylee.Rad@gmail.com,developer
281,Jacquetta,Norvol,Jacquetta.Norvol@yopmail.com,Jacquetta.Norvol@gmail.com,doctor
282,Rosaline,Hessler,Rosaline.Hessler@yopmail.com,Rosaline.Hessler@gmail.com,worker
283,Merrie,Ries,Merrie.Ries@yopmail.com,Merrie.Ries@gmail.com,firefighter
284,Devina,Liebermann,Devina.Liebermann@yopmail.com,Devina.Liebermann@gmail.com,police officer
285,Dawn,Primalia,Dawn.Primalia@yopmail.com,Dawn.Primalia@gmail.com,worker
286,Glynnis,Syd,Glynnis.Syd@yopmail.com,Glynnis.Syd@gmail.com,doctor
287,Eadie,Ventre,Eadie.Ventre@yopmail.com,Eadie.Ventre@gmail.com,worker
288,Gale,Schlosser,Gale.Schlosser@yopmail.com,Gale.Schlosser@gmail.com,doctor
289,Adriana,Eckblad,Adriana.Eckblad@yopmail.com,Adriana.Eckblad@gmail.com,firefighter
290,Aigneis,Annabella,Aigneis.Annabella@yopmail.com,Aigneis.Annabella@gmail.com,doctor
291,Morganica,Lytton,Morganica.Lytton@yopmail.com,Morganica.Lytton@gmail.com,police officer
292,Karlee,Jacobah,Karlee.Jacobah@yopmail.com,Karlee.Jacobah@gmail.com,firefighter
293,Cordi,Granoff,Cordi.Granoff@yopmail.com,Cordi.Granoff@gmail.com,police officer
294,Fred,Cristi,Fred.Cristi@yopmail.com,Fred.Cristi@gmail.com,doctor
295,Veda,Lareena,Veda.Lareena@yopmail.com,Veda.Lareena@gmail.com,developer
296,Corina,Zamora,Corina.Zamora@yopmail.com,Corina.Zamora@gmail.com,doctor
297,Carlie,Joli,Carlie.Joli@yopmail.com,Carlie.Joli@gmail.com,police officer
298,Andree,Elsinore,Andree.Elsinore@yopmail.com,Andree.Elsinore@gmail.com,developer
299,Joleen,Stelle,Joleen.Stelle@yopmail.com,Joleen.Stelle@gmail.com,developer
300,Marsiella,Shirberg,Marsiella.Shirberg@yopmail.com,Marsiella.Shirberg@gmail.com,developer
301,Daphne,Primalia,Daphne.Primalia@yopmail.com,Daphne.Primalia@gmail.com,doctor
302,Libbie,Madelene,Libbie.Madelene@yopmail.com,Libbie.Madelene@gmail.com,developer
303,Karlee,Cassius,Karlee.Cassius@yopmail.com,Karlee.Cassius@gmail.com,firefighter
304,Leontine,Goode,Leontine.Goode@yopmail.com,Leontine.Goode@gmail.com,worker
305,Gertrud,Amethist,Gertrud.Amethist@yopmail.com,Gertrud.Amethist@gmail.com,police officer
306,Robinia,Velick,Robinia.Velick@yopmail.com,Robinia.Velick@gmail.com,doctor
307,Dagmar,Gregrory,Dagmar.Gregrory@yopmail.com,Dagmar.Gregrory@gmail.com,worker
308,Nelle,Stilwell,Nelle.Stilwell@yopmail.com,Nelle.Stilwell@gmail.com,firefighter
309,Concettina,Alejoa,Concettina.Alejoa@yopmail.com,Concettina.Alejoa@gmail.com,police officer
310,Dulce,Dahlia,Dulce.Dahlia@yopmail.com,Dulce.Dahlia@gmail.com,police officer
311,Anica,Alva,Anica.Alva@yopmail.com,Anica.Alva@gmail.com,developer
312,Fernande,Rosalba,Fernande.Rosalba@yopmail.com,Fernande.Rosalba@gmail.com,firefighter
313,Bettine,Latini,Bettine.Latini@yopmail.com,Bettine.Latini@gmail.com,worker
314,Jillayne,Sparhawk,Jillayne.Sparhawk@yopmail.com,Jillayne.Sparhawk@gmail.com,firefighter
315,Kaja,Holbrook,Kaja.Holbrook@yopmail.com,Kaja.Holbrook@gmail.com,doctor
316,Jsandye,Serilda,Jsandye.Serilda@yopmail.com,Jsandye.Serilda@gmail.com,worker
317,Flory,Macey,Flory.Macey@yopmail.com,Flory.Macey@gmail.com,firefighter
318,Alexine,Olympium,Alexine.Olympium@yopmail.com,Alexine.Olympium@gmail.com,doctor
319,Shel,Georas,Shel.Georas@yopmail.com,Shel.Georas@gmail.com,worker
320,Annora,Kenwood,Annora.Kenwood@yopmail.com,Annora.Kenwood@gmail.com,doctor
321,Concettina,Ardra,Concettina.Ardra@yopmail.com,Concettina.Ardra@gmail.com,worker
322,Harmonia,Haldas,Harmonia.Haldas@yopmail.com,Harmonia.Haldas@gmail.com,worker
323,Asia,Norvol,Asia.Norvol@yopmail.com,Asia.Norvol@gmail.com,police officer
324,Nickie,Shields,Nickie.Shields@yopmail.com,Nickie.Shields@gmail.com,developer
325,Josephine,Autrey,Josephine.Autrey@yopmail.com,Josephine.Autrey@gmail.com,worker
326,Thalia,Radu,Thalia.Radu@yopmail.com,Thalia.Radu@gmail.com,doctor
327,Lesly,Viddah,Lesly.Viddah@yopmail.com,Lesly.Viddah@gmail.com,doctor
328,Christian,Podvin,Christian.Podvin@yopmail.com,Christian.Podvin@gmail.com,doctor
329,Christal,Lissi,Christal.Lissi@yopmail.com,Christal.Lissi@gmail.com,firefighter
330,Tamqrah,Vanni,Tamqrah.Vanni@yopmail.com,Tamqrah.Vanni@gmail.com,developer
331,Ilse,Kat,Ilse.Kat@yopmail.com,Ilse.Kat@gmail.com,doctor
332,Starla,Uund,Starla.Uund@yopmail.com,Starla.Uund@gmail.com,developer
333,Roz,Flyn,Roz.Flyn@yopmail.com,Roz.Flyn@gmail.com,police officer
334,Jany,Lareena,Jany.Lareena@yopmail.com,Jany.Lareena@gmail.com,firefighter
335,Fina,Aaberg,Fina.Aaberg@yopmail.com,Fina.Aaberg@gmail.com,firefighter
336,Krystle,Peonir,Krystle.Peonir@yopmail.com,Krystle.Peonir@gmail.com,police officer
337,Priscilla,Birdella,Priscilla.Birdella@yopmail.com,Priscilla.Birdella@gmail.com,police officer
338,Clarice,Armanda,Clarice.Armanda@yopmail.com,Clarice.Armanda@gmail.com,worker
339,Gilligan,Smitt,Gilligan.Smitt@yopmail.com,Gilligan.Smitt@gmail.com,worker
340,Robbi,Kannry,Robbi.Kannry@yopmail.com,Robbi.Kannry@gmail.com,police officer
341,Sean,Kare,Sean.Kare@yopmail.com,Sean.Kare@gmail.com,doctor
342,Lauryn,Pillsbury,Lauryn.Pillsbury@yopmail.com,Lauryn.Pillsbury@gmail.com,doctor
343,Adele,Drisko,Adele.Drisko@yopmail.com,Adele.Drisko@gmail.com,developer
344,Jillayne,Naashom,Jillayne.Naashom@yopmail.com,Jillayne.Naashom@gmail.com,worker
345,Harmonia,Lucienne,Harmonia.Lucienne@yopmail.com,Harmonia.Lucienne@gmail.com,firefighter
346,Ruthe,Nester,Ruthe.Nester@yopmail.com,Ruthe.Nester@gmail.com,developer
347,Angelique,Lynn,Angelique.Lynn@yopmail.com,Angelique.Lynn@gmail.com,firefighter
348,Shaylyn,Bartlett,Shaylyn.Bartlett@yopmail.com,Shaylyn.Bartlett@gmail.com,doctor
349,Chere,Roscoe,Chere.Roscoe@yopmail.com,Chere.Roscoe@gmail.com,worker
350,Joceline,Ilka,Joceline.Ilka@yopmail.com,Joceline.Ilka@gmail.com,developer
351,Winifred,Norvol,Winifred.Norvol@yopmail.com,Winifred.Norvol@gmail.com,firefighter
352,Christian,Wu,Christian.Wu@yopmail.com,Christian.Wu@gmail.com,worker
353,Reeba,Wittie,Reeba.Wittie@yopmail.com,Reeba.Wittie@gmail.com,doctor
354,Konstance,Hubert,Konstance.Hubert@yopmail.com,Konstance.Hubert@gmail.com,police officer
355,Dorene,Jorgan,Dorene.Jorgan@yopmail.com,Dorene.Jorgan@gmail.com,firefighter
356,Katleen,Riordan,Katleen.Riordan@yopmail.com,Katleen.Riordan@gmail.com,police officer
357,Lexine,Sherrie,Lexine.Sherrie@yopmail.com,Lexine.Sherrie@gmail.com,police officer
358,Leontine,Georas,Leontine.Georas@yopmail.com,Leontine.Georas@gmail.com,doctor
359,Alia,Felecia,Alia.Felecia@yopmail.com,Alia.Felecia@gmail.com,doctor
360,Kellen,Wu,Kellen.Wu@yopmail.com,Kellen.Wu@gmail.com,firefighter
361,Beverley,Gaynor,Beverley.Gaynor@yopmail.com,Beverley.Gaynor@gmail.com,firefighter
362,Jacenta,Weitman,Jacenta.Weitman@yopmail.com,Jacenta.Weitman@gmail.com,worker
363,Kirstin,Santoro,Kirstin.Santoro@yopmail.com,Kirstin.Santoro@gmail.com,firefighter
364,Blondelle,Granoff,Blondelle.Granoff@yopmail.com,Blondelle.Granoff@gmail.com,worker
365,Rosene,Candy,Rosene.Candy@yopmail.com,Rosene.Candy@gmail.com,police officer
366,Verla,McClimans,Verla.McClimans@yopmail.com,Verla.McClimans@gmail.com,developer
367,Desirae,Karylin,Desirae.Karylin@yopmail.com,Desirae.Karylin@gmail.com,developer
368,Roslyn,Wandie,Roslyn.Wandie@yopmail.com,Roslyn.Wandie@gmail.com,firefighter
369,Brietta,Newell,Brietta.Newell@yopmail.com,Brietta.Newell@gmail.com,firefighter
370,Claresta,Rodmann,Claresta.Rodmann@yopmail.com,Claresta.Rodmann@gmail.com,worker
371,Fredericka,Donell,Fredericka.Donell@yopmail.com,Fredericka.Donell@gmail.com,developer
372,Dorene,Alejoa,Dorene.Alejoa@yopmail.com,Dorene.Alejoa@gmail.com,doctor
373,Ada,Prober,Ada.Prober@yopmail.com,Ada.Prober@gmail.com,police officer
374,Myrtice,Yerkovich,Myrtice.Yerkovich@yopmail.com,Myrtice.Yerkovich@gmail.com,doctor
375,Norine,Huggins,Norine.Huggins@yopmail.com,Norine.Huggins@gmail.com,worker
376,Vonny,Konyn,Vonny.Konyn@yopmail.com,Vonny.Konyn@gmail.com,doctor
377,Stevana,Bebe,Stevana.Bebe@yopmail.com,Stevana.Bebe@gmail.com,developer
378,Anallese,Shaddock,Anallese.Shaddock@yopmail.com,Anallese.Shaddock@gmail.com,police officer
379,Malina,Bohlin,Malina.Bohlin@yopmail.com,Malina.Bohlin@gmail.com,police officer
380,Dale,Diogenes,Dale.Diogenes@yopmail.com,Dale.Diogenes@gmail.com,police officer
381,Melisent,Jehu,Melisent.Jehu@yopmail.com,Melisent.Jehu@gmail.com,doctor
382,Edith,Aloise,Edith.Aloise@yopmail.com,Edith.Aloise@gmail.com,developer
383,Ardeen,Wesle,Ardeen.Wesle@yopmail.com,Ardeen.Wesle@gmail.com,doctor
384,Cherilyn,Seessel,Cherilyn.Seessel@yopmail.com,Cherilyn.Seessel@gmail.com,firefighter
385,Dode,Hashim,Dode.Hashim@yopmail.com,Dode.Hashim@gmail.com,firefighter
386,Sonni,Wallis,Sonni.Wallis@yopmail.com,Sonni.Wallis@gmail.com,doctor
387,Kristan,Sancho,Kristan.Sancho@yopmail.com,Kristan.Sancho@gmail.com,firefighter
388,Grier,Agle,Grier.Agle@yopmail.com,Grier.Agle@gmail.com,worker
389,Tiffie,Shields,Tiffie.Shields@yopmail.com,Tiffie.Shields@gmail.com,police officer
390,Aurelie,Riva,Aurelie.Riva@yopmail.com,Aurelie.Riva@gmail.com,doctor
391,Florie,Nester,Florie.Nester@yopmail.com,Florie.Nester@gmail.com,police officer
392,Leontine,Trey,Leontine.Trey@yopmail.com,Leontine.Trey@gmail.com,doctor
393,Millie,Riva,Millie.Riva@yopmail.com,Millie.Riva@gmail.com,worker
394,Dianemarie,Sallyann,Dianemarie.Sallyann@yopmail.com,Dianemarie.Sallyann@gmail.com,doctor
395,Dode,Paine,Dode.Paine@yopmail.com,Dode.Paine@gmail.com,worker
396,Trudie,Merriott,Trudie.Merriott@yopmail.com,Trudie.Merriott@gmail.com,firefighter
397,Molli,Gino,Molli.Gino@yopmail.com,Molli.Gino@gmail.com,doctor
398,Drucie,Read,Drucie.Read@yopmail.com,Drucie.Read@gmail.com,doctor
399,Betta,Zola,Betta.Zola@yopmail.com,Betta.Zola@gmail.com,developer
400,Ofilia,Schroth,Ofilia.Schroth@yopmail.com,Ofilia.Schroth@gmail.com,worker
401,Bee,Dermott,Bee.Dermott@yopmail.com,Bee.Dermott@gmail.com,worker
402,Madelle,Natalia,Madelle.Natalia@yopmail.com,Madelle.Natalia@gmail.com,firefighter
403,Sandie,Lenny,Sandie.Lenny@yopmail.com,Sandie.Lenny@gmail.com,developer
417,Phylis,Bari,Phylis.Bari@yopmail.com,Phylis.Bari@gmail.com,doctor
418,Renae,Cottle,Renae.Cottle@yopmail.com,Renae.Cottle@gmail.com,police officer
419,Elka,Haymes,Elka.Haymes@yopmail.com,Elka.Haymes@gmail.com,police officer
420,Lacie,Lindemann,Lacie.Lindemann@yopmail.com,Lacie.Lindemann@gmail.com,developer
421,Anthia,Brunell,Anthia.Brunell@yopmail.com,Anthia.Brunell@gmail.com,firefighter
422,Zaria,Florina,Zaria.Florina@yopmail.com,Zaria.Florina@gmail.com,developer
423,Mariele,Dash,Mariele.Dash@yopmail.com,Mariele.Dash@gmail.com,police officer
424,Krystle,Reinke,Krystle.Reinke@yopmail.com,Krystle.Reinke@gmail.com,worker
425,Gerrie,Talia,Gerrie.Talia@yopmail.com,Gerrie.Talia@gmail.com,firefighter
426,Gale,Kimmie,Gale.Kimmie@yopmail.com,Gale.Kimmie@gmail.com,firefighter
427,Nanete,Leffen,Nanete.Leffen@yopmail.com,Nanete.Leffen@gmail.com,doctor
428,Nyssa,Clara,Nyssa.Clara@yopmail.com,Nyssa.Clara@gmail.com,developer
429,Marline,LaRue,Marline.LaRue@yopmail.com,Marline.LaRue@gmail.com,police officer
430,Libbie,McLaughlin,Libbie.McLaughlin@yopmail.com,Libbie.McLaughlin@gmail.com,worker
431,Charissa,Wind,Charissa.Wind@yopmail.com,Charissa.Wind@gmail.com,police officer
432,Sadie,Joachim,Sadie.Joachim@yopmail.com,Sadie.Joachim@gmail.com,developer
433,Harrietta,Vanni,Harrietta.Vanni@yopmail.com,Harrietta.Vanni@gmail.com,police officer
434,Olwen,Abbot,Olwen.Abbot@yopmail.com,Olwen.Abbot@gmail.com,police officer
435,Doro,Ajay,Doro.Ajay@yopmail.com,Doro.Ajay@gmail.com,firefighter
436,Tonia,Ambrosia,Tonia.Ambrosia@yopmail.com,Tonia.Ambrosia@gmail.com,worker
437,Carlie,Peonir,Carlie.Peonir@yopmail.com,Carlie.Peonir@gmail.com,doctor
438,Lita,Peti,Lita.Peti@yopmail.com,Lita.Peti@gmail.com,worker
439,Ingrid,Letsou,Ingrid.Letsou@yopmail.com,Ingrid.Letsou@gmail.com,doctor
440,Tami,Lay,Tami.Lay@yopmail.com,Tami.Lay@gmail.com,firefighter
441,Christian,Willie,Christian.Willie@yopmail.com,Christian.Willie@gmail.com,police officer
442,Roslyn,Demitria,Roslyn.Demitria@yopmail.com,Roslyn.Demitria@gmail.com,firefighter
443,Verla,Ricki,Verla.Ricki@yopmail.com,Verla.Ricki@gmail.com,doctor
444,Tilly,Eldrid,Tilly.Eldrid@yopmail.com,Tilly.Eldrid@gmail.com,developer
445,Bertine,Keily,Bertine.Keily@yopmail.com,Bertine.Keily@gmail.com,firefighter
446,Peri,Brandice,Peri.Brandice@yopmail.com,Peri.Brandice@gmail.com,police officer
447,Amelia,Francene,Amelia.Francene@yopmail.com,Amelia.Francene@gmail.com,firefighter
448,Farrah,Hazlett,Farrah.Hazlett@yopmail.com,Farrah.Hazlett@gmail.com,doctor
449,Frieda,Burnside,Frieda.Burnside@yopmail.com,Frieda.Burnside@gmail.com,worker
450,Tarra,Torray,Tarra.Torray@yopmail.com,Tarra.Torray@gmail.com,firefighter
451,Claudina,Marsden,Claudina.Marsden@yopmail.com,Claudina.Marsden@gmail.com,worker
452,Annaliese,Romelda,Annaliese.Romelda@yopmail.com,Annaliese.Romelda@gmail.com,doctor
453,Janeczka,Vernier,Janeczka.Vernier@yopmail.com,Janeczka.Vernier@gmail.com,firefighter
454,Kayla,Muriel,Kayla.Muriel@yopmail.com,Kayla.Muriel@gmail.com,doctor
455,Jaclyn,Beebe,Jaclyn.Beebe@yopmail.com,Jaclyn.Beebe@gmail.com,worker
456,Kirstin,Ade,Kirstin.Ade@yopmail.com,Kirstin.Ade@gmail.com,firefighter
457,Iseabal,Ariella,Iseabal.Ariella@yopmail.com,Iseabal.Ariella@gmail.com,firefighter
458,Chere,Cullin,Chere.Cullin@yopmail.com,Chere.Cullin@gmail.com,police officer
459,Lory,Hourigan,Lory.Hourigan@yopmail.com,Lory.Hourigan@gmail.com,developer
460,Carilyn,Elsinore,Carilyn.Elsinore@yopmail.com,Carilyn.Elsinore@gmail.com,developer
461,Ursulina,Isacco,Ursulina.Isacco@yopmail.com,Ursulina.Isacco@gmail.com,worker
462,Libbie,Alexandr,Libbie.Alexandr@yopmail.com,Libbie.Alexandr@gmail.com,firefighter
463,Mahalia,Carolin,Mahalia.Carolin@yopmail.com,Mahalia.Carolin@gmail.com,firefighter
464,Cam,Maiah,Cam.Maiah@yopmail.com,Cam.Maiah@gmail.com,firefighter
465,Laurene,Kolnick,Laurene.Kolnick@yopmail.com,Laurene.Kolnick@gmail.com,worker
466,Fanchon,Schonfeld,Fanchon.Schonfeld@yopmail.com,Fanchon.Schonfeld@gmail.com,worker
467,Sue,Parsaye,Sue.Parsaye@yopmail.com,Sue.Parsaye@gmail.com,worker
468,Brandise,Yam,Brandise.Yam@yopmail.com,Brandise.Yam@gmail.com,police officer
469,Imojean,Kronfeld,Imojean.Kronfeld@yopmail.com,Imojean.Kronfeld@gmail.com,police officer
470,Sam,Engdahl,Sam.Engdahl@yopmail.com,Sam.Engdahl@gmail.com,police officer
471,Carolina,Oscar,Carolina.Oscar@yopmail.com,Carolina.Oscar@gmail.com,worker
472,Konstance,Beniamino,Konstance.Beniamino@yopmail.com,Konstance.Beniamino@gmail.com,doctor
473,Basia,Peonir,Basia.Peonir@yopmail.com,Basia.Peonir@gmail.com,doctor
474,Jennica,Wandie,Jennica.Wandie@yopmail.com,Jennica.Wandie@gmail.com,firefighter
475,Joelly,Bebe,Joelly.Bebe@yopmail.com,Joelly.Bebe@gmail.com,developer
476,Aurore,Aloise,Aurore.Aloise@yopmail.com,Aurore.Aloise@gmail.com,police officer
477,Tamqrah,Berl,Tamqrah.Berl@yopmail.com,Tamqrah.Berl@gmail.com,firefighter
478,Sandie,Gaynor,Sandie.Gaynor@yopmail.com,Sandie.Gaynor@gmail.com,worker
479,Annice,Genna,Annice.Genna@yopmail.com,Annice.Genna@gmail.com,firefighter
480,Mignon,Thad,Mignon.Thad@yopmail.com,Mignon.Thad@gmail.com,developer
481,Marnia,Karna,Marnia.Karna@yopmail.com,Marnia.Karna@gmail.com,police officer
482,Ingrid,Burnside,Ingrid.Burnside@yopmail.com,Ingrid.Burnside@gmail.com,developer
483,Mamie,Rubie,Mamie.Rubie@yopmail.com,Mamie.Rubie@gmail.com,firefighter
484,Sharlene,Loleta,Sharlene.Loleta@yopmail.com,Sharlene.Loleta@gmail.com,doctor
485,Vanessa,Anderea,Vanessa.Anderea@yopmail.com,Vanessa.Anderea@gmail.com,developer
486,Wileen,Leary,Wileen.Leary@yopmail.com,Wileen.Leary@gmail.com,developer
487,Ardeen,Kimmie,Ardeen.Kimmie@yopmail.com,Ardeen.Kimmie@gmail.com,developer
488,Suzette,Kress,Suzette.Kress@yopmail.com,Suzette.Kress@gmail.com,firefighter
489,Lucy,Vharat,Lucy.Vharat@yopmail.com,Lucy.Vharat@gmail.com,doctor
490,Edee,Lindemann,Edee.Lindemann@yopmail.com,Edee.Lindemann@gmail.com,worker
491,Frances,Friede,Frances.Friede@yopmail.com,Frances.Friede@gmail.com,doctor
492,Gerrie,Gillan,Gerrie.Gillan@yopmail.com,Gerrie.Gillan@gmail.com,police officer
493,Blinni,Sothena,Blinni.Sothena@yopmail.com,Blinni.Sothena@gmail.com,developer
494,Margette,Percy,Margette.Percy@yopmail.com,Margette.Percy@gmail.com,firefighter
495,Kore,Vins,Kore.Vins@yopmail.com,Kore.Vins@gmail.com,worker
496,Glynnis,Deegan,Glynnis.Deegan@yopmail.com,Glynnis.Deegan@gmail.com,doctor
497,Deloria,McGrody,Deloria.McGrody@yopmail.com,Deloria.McGrody@gmail.com,firefighter
498,Talya,McLaughlin,Talya.McLaughlin@yopmail.com,Talya.McLaughlin@gmail.com,developer
499,Zaria,Kosey,Zaria.Kosey@yopmail.com,Zaria.Kosey@gmail.com,worker
500,Charlena,Yuille,Charlena.Yuille@yopmail.com,Charlena.Yuille@gmail.com,developer
501,Alyda,Merna,Alyda.Merna@yopmail.com,Alyda.Merna@gmail.com,firefighter
502,Cissiee,Dituri,Cissiee.Dituri@yopmail.com,Cissiee.Dituri@gmail.com,doctor
503,Zsa Zsa,Parsaye,Zsa Zsa.Parsaye@yopmail.com,Zsa Zsa.Parsaye@gmail.com,worker
504,Jobi,Ledah,Jobi.Ledah@yopmail.com,Jobi.Ledah@gmail.com,police officer
505,Rayna,Belanger,Rayna.Belanger@yopmail.com,Rayna.Belanger@gmail.com,doctor
506,Alia,Roscoe,Alia.Roscoe@yopmail.com,Alia.Roscoe@gmail.com,police officer
507,Kara-Lynn,Eldrid,Kara-Lynn.Eldrid@yopmail.com,Kara-Lynn.Eldrid@gmail.com,developer
508,Shandie,Jess,Shandie.Jess@yopmail.com,Shandie.Jess@gmail.com,worker
509,Nerta,Estella,Nerta.Estella@yopmail.com,Nerta.Estella@gmail.com,doctor
510,Melanie,Adalbert,Melanie.Adalbert@yopmail.com,Melanie.Adalbert@gmail.com,firefighter
511,Paola,Scammon,Paola.Scammon@yopmail.com,Paola.Scammon@gmail.com,worker
512,Jennica,Moseley,Jennica.Moseley@yopmail.com,Jennica.Moseley@gmail.com,developer
513,Gui,Bonucci,Gui.Bonucci@yopmail.com,Gui.Bonucci@gmail.com,firefighter
514,Lynea,Wittie,Lynea.Wittie@yopmail.com,Lynea.Wittie@gmail.com,worker
515,Arlena,Korey,Arlena.Korey@yopmail.com,Arlena.Korey@gmail.com,doctor
516,Ernesta,Sholley,Ernesta.Sholley@yopmail.com,Ernesta.Sholley@gmail.com,police officer
517,Olwen,Maxi,Olwen.Maxi@yopmail.com,Olwen.Maxi@gmail.com,doctor
518,Mureil,Buttaro,Mureil.Buttaro@yopmail.com,Mureil.Buttaro@gmail.com,developer
519,Hayley,Sherfield,Hayley.Sherfield@yopmail.com,Hayley.Sherfield@gmail.com,firefighter
520,Angela,Myrilla,Angela.Myrilla@yopmail.com,Angela.Myrilla@gmail.com,doctor
521,Nollie,Malanie,Nollie.Malanie@yopmail.com,Nollie.Malanie@gmail.com,developer
522,Kary,Lucienne,Kary.Lucienne@yopmail.com,Kary.Lucienne@gmail.com,doctor
523,Oralee,Bryna,Oralee.Bryna@yopmail.com,Oralee.Bryna@gmail.com,worker
524,Modestia,Trinetta,Modestia.Trinetta@yopmail.com,Modestia.Trinetta@gmail.com,worker
525,Alexine,Simmonds,Alexine.Simmonds@yopmail.com,Alexine.Simmonds@gmail.com,worker
526,Nerta,Gillan,Nerta.Gillan@yopmail.com,Nerta.Gillan@gmail.com,police officer
527,Deedee,Grimbly,Deedee.Grimbly@yopmail.com,Deedee.Grimbly@gmail.com,doctor
528,Adele,Bach,Adele.Bach@yopmail.com,Adele.Bach@gmail.com,firefighter
529,Hallie,Charmine,Hallie.Charmine@yopmail.com,Hallie.Charmine@gmail.com,police officer
530,Caritta,Ludewig,Caritta.Ludewig@yopmail.com,Caritta.Ludewig@gmail.com,doctor
531,Johna,Swanhildas,Johna.Swanhildas@yopmail.com,Johna.Swanhildas@gmail.com,worker
532,Daphne,Gaulin,Daphne.Gaulin@yopmail.com,Daphne.Gaulin@gmail.com,worker
533,Marinna,Ilka,Marinna.Ilka@yopmail.com,Marinna.Ilka@gmail.com,police officer
534,Stevana,Kravits,Stevana.Kravits@yopmail.com,Stevana.Kravits@gmail.com,police officer
535,Elora,Roche,Elora.Roche@yopmail.com,Elora.Roche@gmail.com,worker
536,Rani,Deegan,Rani.Deegan@yopmail.com,Rani.Deegan@gmail.com,police officer
537,Pierette,Neva,Pierette.Neva@yopmail.com,Pierette.Neva@gmail.com,doctor
538,Atlanta,Paine,Atlanta.Paine@yopmail.com,Atlanta.Paine@gmail.com,worker
539,Lynnea,Giff,Lynnea.Giff@yopmail.com,Lynnea.Giff@gmail.com,doctor
540,Marcelline,Markman,Marcelline.Markman@yopmail.com,Marcelline.Markman@gmail.com,police officer
541,Merry,Salvidor,Merry.Salvidor@yopmail.com,Merry.Salvidor@gmail.com,firefighter
542,Anica,Sikorski,Anica.Sikorski@yopmail.com,Anica.Sikorski@gmail.com,doctor
543,Sheelagh,Liva,Sheelagh.Liva@yopmail.com,Sheelagh.Liva@gmail.com,doctor
544,Audrie,Ogren,Audrie.Ogren@yopmail.com,Audrie.Ogren@gmail.com,worker
545,Hope,Constancy,Hope.Constancy@yopmail.com,Hope.Constancy@gmail.com,worker
546,Zondra,Torray,Zondra.Torray@yopmail.com,Zondra.Torray@gmail.com,firefighter
547,Micheline,Geffner,Micheline.Geffner@yopmail.com,Micheline.Geffner@gmail.com,police officer
548,Hope,Atcliffe,Hope.Atcliffe@yopmail.com,Hope.Atcliffe@gmail.com,firefighter
549,Glynnis,Esmaria,Glynnis.Esmaria@yopmail.com,Glynnis.Esmaria@gmail.com,doctor
550,Louella,Trace,Louella.Trace@yopmail.com,Louella.Trace@gmail.com,police officer
551,Carol-Jean,Bates,Carol-Jean.Bates@yopmail.com,Carol-Jean.Bates@gmail.com,developer
552,Kelly,Muriel,Kelly.Muriel@yopmail.com,Kelly.Muriel@gmail.com,police officer
553,Tiffie,Melleta,Tiffie.Melleta@yopmail.com,Tiffie.Melleta@gmail.com,worker
554,Queenie,Sekofski,Queenie.Sekofski@yopmail.com,Queenie.Sekofski@gmail.com,developer
555,Kerrin,Tufts,Kerrin.Tufts@yopmail.com,Kerrin.Tufts@gmail.com,worker
556,Karly,Tannie,Karly.Tannie@yopmail.com,Karly.Tannie@gmail.com,doctor
557,Donetta,Claudine,Donetta.Claudine@yopmail.com,Donetta.Claudine@gmail.com,developer
558,Vere,O'Rourke,Vere.O'Rourke@yopmail.com,Vere.O'Rourke@gmail.com,firefighter
559,Randa,Hortensia,Randa.Hortensia@yopmail.com,Randa.Hortensia@gmail.com,doctor
560,Ofilia,Mullane,Ofilia.Mullane@yopmail.com,Ofilia.Mullane@gmail.com,worker
561,Nessie,Fitzsimmons,Nessie.Fitzsimmons@yopmail.com,Nessie.Fitzsimmons@gmail.com,doctor
562,Gale,Emanuel,Gale.Emanuel@yopmail.com,Gale.Emanuel@gmail.com,doctor
563,Hildegaard,Trey,Hildegaard.Trey@yopmail.com,Hildegaard.Trey@gmail.com,worker
564,Tina,Reidar,Tina.Reidar@yopmail.com,Tina.Reidar@gmail.com,doctor
565,Miquela,Gemini,Miquela.Gemini@yopmail.com,Miquela.Gemini@gmail.com,doctor
566,Christal,Eiser,Christal.Eiser@yopmail.com,Christal.Eiser@gmail.com,firefighter
567,Nonnah,Suanne,Nonnah.Suanne@yopmail.com,Nonnah.Suanne@gmail.com,worker
568,Lynea,Soneson,Lynea.Soneson@yopmail.com,Lynea.Soneson@gmail.com,doctor
569,Codie,Adrienne,Codie.Adrienne@yopmail.com,Codie.Adrienne@gmail.com,developer
570,Jany,Norvol,Jany.Norvol@yopmail.com,Jany.Norvol@gmail.com,firefighter
571,Maud,Raffo,Maud.Raffo@yopmail.com,Maud.Raffo@gmail.com,police officer
572,Annaliese,Christal,Annaliese.Christal@yopmail.com,Annaliese.Christal@gmail.com,police officer
573,Penelopa,Poll,Penelopa.Poll@yopmail.com,Penelopa.Poll@gmail.com,police officer
574,Cindelyn,Frendel,Cindelyn.Frendel@yopmail.com,Cindelyn.Frendel@gmail.com,firefighter
575,Elsie,Tomasina,Elsie.Tomasina@yopmail.com,Elsie.Tomasina@gmail.com,worker
576,Fredericka,Redmond,Fredericka.Redmond@yopmail.com,Fredericka.Redmond@gmail.com,worker
577,Deloria,Remmer,Deloria.Remmer@yopmail.com,Deloria.Remmer@gmail.com,doctor
578,Chickie,Marsden,Chickie.Marsden@yopmail.com,Chickie.Marsden@gmail.com,worker
579,Valli,Gibbeon,Valli.Gibbeon@yopmail.com,Valli.Gibbeon@gmail.com,developer
580,Jacquetta,Chesna,Jacquetta.Chesna@yopmail.com,Jacquetta.Chesna@gmail.com,doctor
581,Sherrie,Vorster,Sherrie.Vorster@yopmail.com,Sherrie.Vorster@gmail.com,worker
582,Antonietta,Dreda,Antonietta.Dreda@yopmail.com,Antonietta.Dreda@gmail.com,worker
583,Dari,Maroney,Dari.Maroney@yopmail.com,Dari.Maroney@gmail.com,firefighter
584,Annaliese,Smitt,Annaliese.Smitt@yopmail.com,Annaliese.Smitt@gmail.com,firefighter
585,Karolina,Goldina,Karolina.Goldina@yopmail.com,Karolina.Goldina@gmail.com,developer
586,Aigneis,Alva,Aigneis.Alva@yopmail.com,Aigneis.Alva@gmail.com,developer
587,Michaelina,Loring,Michaelina.Loring@yopmail.com,Michaelina.Loring@gmail.com,worker
588,Michaelina,Orlene,Michaelina.Orlene@yopmail.com,Michaelina.Orlene@gmail.com,developer
589,Ronna,Candy,Ronna.Candy@yopmail.com,Ronna.Candy@gmail.com,developer
590,Ethel,Pitt,Ethel.Pitt@yopmail.com,Ethel.Pitt@gmail.com,worker
591,Lesly,Peti,Lesly.Peti@yopmail.com,Lesly.Peti@gmail.com,developer
592,Adele,Franza,Adele.Franza@yopmail.com,Adele.Franza@gmail.com,police officer
593,Cyb,Gaulin,Cyb.Gaulin@yopmail.com,Cyb.Gaulin@gmail.com,doctor
594,Dede,Abram,Dede.Abram@yopmail.com,Dede.Abram@gmail.com,worker
595,Sharlene,Rona,Sharlene.Rona@yopmail.com,Sharlene.Rona@gmail.com,doctor
596,Emylee,Neils,Emylee.Neils@yopmail.com,Emylee.Neils@gmail.com,doctor
597,Willetta,Sekofski,Willetta.Sekofski@yopmail.com,Willetta.Sekofski@gmail.com,firefighter
598,Darci,Angelis,Darci.Angelis@yopmail.com,Darci.Angelis@gmail.com,police officer
599,Fawne,Olin,Fawne.Olin@yopmail.com,Fawne.Olin@gmail.com,firefighter
600,Vanessa,Elvyn,Vanessa.Elvyn@yopmail.com,Vanessa.Elvyn@gmail.com,firefighter
601,Arlina,Zaslow,Arlina.Zaslow@yopmail.com,Arlina.Zaslow@gmail.com,developer
602,Raquela,Chapland,Raquela.Chapland@yopmail.com,Raquela.Chapland@gmail.com,firefighter
603,Annaliese,Ackerley,Annaliese.Ackerley@yopmail.com,Annaliese.Ackerley@gmail.com,police officer
604,Demetris,Thad,Demetris.Thad@yopmail.com,Demetris.Thad@gmail.com,firefighter
605,Marcelline,Prober,Marcelline.Prober@yopmail.com,Marcelline.Prober@gmail.com,firefighter
606,Tatiania,Blisse,Tatiania.Blisse@yopmail.com,Tatiania.Blisse@gmail.com,firefighter
607,Dominga,Burnside,Dominga.Burnside@yopmail.com,Dominga.Burnside@gmail.com,firefighter
608,Gusty,Hanshaw,Gusty.Hanshaw@yopmail.com,Gusty.Hanshaw@gmail.com,police officer
609,Codie,Sherfield,Codie.Sherfield@yopmail.com,Codie.Sherfield@gmail.com,doctor
610,Grier,Rese,Grier.Rese@yopmail.com,Grier.Rese@gmail.com,worker
611,Charmaine,Mott,Charmaine.Mott@yopmail.com,Charmaine.Mott@gmail.com,doctor
612,Frances,Naor,Frances.Naor@yopmail.com,Frances.Naor@gmail.com,developer
613,Viki,Skell,Viki.Skell@yopmail.com,Viki.Skell@gmail.com,developer
614,Mildrid,Gabrielli,Mildrid.Gabrielli@yopmail.com,Mildrid.Gabrielli@gmail.com,doctor
615,Sheree,Vanni,Sheree.Vanni@yopmail.com,Sheree.Vanni@gmail.com,doctor
616,Starla,Gemini,Starla.Gemini@yopmail.com,Starla.Gemini@gmail.com,worker
617,Sybille,Lowry,Sybille.Lowry@yopmail.com,Sybille.Lowry@gmail.com,developer
618,Maryellen,Rozanna,Maryellen.Rozanna@yopmail.com,Maryellen.Rozanna@gmail.com,police officer
619,Rivalee,Glenden,Rivalee.Glenden@yopmail.com,Rivalee.Glenden@gmail.com,doctor
620,Daryl,Rossner,Daryl.Rossner@yopmail.com,Daryl.Rossner@gmail.com,developer
621,Adriana,Kat,Adriana.Kat@yopmail.com,Adriana.Kat@gmail.com,developer
622,Heddie,Lanita,Heddie.Lanita@yopmail.com,Heddie.Lanita@gmail.com,police officer
623,Beverley,Ogren,Beverley.Ogren@yopmail.com,Beverley.Ogren@gmail.com,police officer
624,Margalo,Elvyn,Margalo.Elvyn@yopmail.com,Margalo.Elvyn@gmail.com,doctor
625,Oona,Luhe,Oona.Luhe@yopmail.com,Oona.Luhe@gmail.com,developer
626,Fanchon,Karna,Fanchon.Karna@yopmail.com,Fanchon.Karna@gmail.com,developer
627,Adelle,Joachim,Adelle.Joachim@yopmail.com,Adelle.Joachim@gmail.com,worker
628,Hallie,Brunell,Hallie.Brunell@yopmail.com,Hallie.Brunell@gmail.com,worker
629,Bill,Seumas,Bill.Seumas@yopmail.com,Bill.Seumas@gmail.com,doctor
630,Amara,Lissi,Amara.Lissi@yopmail.com,Amara.Lissi@gmail.com,worker
631,Ulrike,Thar,Ulrike.Thar@yopmail.com,Ulrike.Thar@gmail.com,worker
632,Jessamyn,Jethro,Jessamyn.Jethro@yopmail.com,Jessamyn.Jethro@gmail.com,developer
633,Andree,Ruvolo,Andree.Ruvolo@yopmail.com,Andree.Ruvolo@gmail.com,firefighter
634,Deloria,Bahr,Deloria.Bahr@yopmail.com,Deloria.Bahr@gmail.com,worker
635,Helsa,Ortrude,Helsa.Ortrude@yopmail.com,Helsa.Ortrude@gmail.com,doctor
636,Hannis,Mozelle,Hannis.Mozelle@yopmail.com,Hannis.Mozelle@gmail.com,firefighter
637,Rhea,Zeeba,Rhea.Zeeba@yopmail.com,Rhea.Zeeba@gmail.com,developer
638,Mariann,Even,Mariann.Even@yopmail.com,Mariann.Even@gmail.com,doctor
639,Carmencita,Lymann,Carmencita.Lymann@yopmail.com,Carmencita.Lymann@gmail.com,developer
640,Dawn,Letsou,Dawn.Letsou@yopmail.com,Dawn.Letsou@gmail.com,doctor
641,Xylina,Leary,Xylina.Leary@yopmail.com,Xylina.Leary@gmail.com,developer
642,Ingrid,Elephus,Ingrid.Elephus@yopmail.com,Ingrid.Elephus@gmail.com,developer
643,Catharine,Alcott,Catharine.Alcott@yopmail.com,Catharine.Alcott@gmail.com,police officer
644,Ronna,Maroney,Ronna.Maroney@yopmail.com,Ronna.Maroney@gmail.com,developer
645,Shell,Mich,Shell.Mich@yopmail.com,Shell.Mich@gmail.com,developer
646,Margarette,Korey,Margarette.Korey@yopmail.com,Margarette.Korey@gmail.com,police officer
647,Henriette,Llovera,Henriette.Llovera@yopmail.com,Henriette.Llovera@gmail.com,doctor
648,Cathie,Faro,Cathie.Faro@yopmail.com,Cathie.Faro@gmail.com,developer
649,Isa,Marlie,Isa.Marlie@yopmail.com,Isa.Marlie@gmail.com,firefighter
650,Cassandra,Lea,Cassandra.Lea@yopmail.com,Cassandra.Lea@gmail.com,police officer
651,Janenna,Nicoline,Janenna.Nicoline@yopmail.com,Janenna.Nicoline@gmail.com,developer
652,Margalo,Richers,Margalo.Richers@yopmail.com,Margalo.Richers@gmail.com,developer
653,Emma,Joachim,Emma.Joachim@yopmail.com,Emma.Joachim@gmail.com,developer
654,Therine,Stav,Therine.Stav@yopmail.com,Therine.Stav@gmail.com,doctor
655,Maridel,Lowry,Maridel.Lowry@yopmail.com,Maridel.Lowry@gmail.com,police officer
656,Valeda,Kiyoshi,Valeda.Kiyoshi@yopmail.com,Valeda.Kiyoshi@gmail.com,police officer
657,Fernande,Christine,Fernande.Christine@yopmail.com,Fernande.Christine@gmail.com,worker
658,Elka,Kamaria,Elka.Kamaria@yopmail.com,Elka.Kamaria@gmail.com,developer
659,Celestyna,Joachim,Celestyna.Joachim@yopmail.com,Celestyna.Joachim@gmail.com,firefighter
660,Nita,Smitt,Nita.Smitt@yopmail.com,Nita.Smitt@gmail.com,police officer
661,Cindelyn,Stacy,Cindelyn.Stacy@yopmail.com,Cindelyn.Stacy@gmail.com,police officer
662,Judy,Ardra,Judy.Ardra@yopmail.com,Judy.Ardra@gmail.com,firefighter
663,Gabi,Ophelia,Gabi.Ophelia@yopmail.com,Gabi.Ophelia@gmail.com,worker
664,Consuela,Sinegold,Consuela.Sinegold@yopmail.com,Consuela.Sinegold@gmail.com,developer
665,Tomasina,Stelle,Tomasina.Stelle@yopmail.com,Tomasina.Stelle@gmail.com,worker
666,Karina,Ellerey,Karina.Ellerey@yopmail.com,Karina.Ellerey@gmail.com,developer
667,Abbie,Dunkin,Abbie.Dunkin@yopmail.com,Abbie.Dunkin@gmail.com,doctor
668,Karina,Pitt,Karina.Pitt@yopmail.com,Karina.Pitt@gmail.com,worker
669,Cathie,Stelle,Cathie.Stelle@yopmail.com,Cathie.Stelle@gmail.com,firefighter
670,Averyl,Hieronymus,Averyl.Hieronymus@yopmail.com,Averyl.Hieronymus@gmail.com,doctor
671,Clo,Francene,Clo.Francene@yopmail.com,Clo.Francene@gmail.com,doctor
672,Fayre,Posner,Fayre.Posner@yopmail.com,Fayre.Posner@gmail.com,police officer
673,Ilse,Pip,Ilse.Pip@yopmail.com,Ilse.Pip@gmail.com,firefighter
674,Genevra,Ailyn,Genevra.Ailyn@yopmail.com,Genevra.Ailyn@gmail.com,doctor
675,Kassey,Allys,Kassey.Allys@yopmail.com,Kassey.Allys@gmail.com,doctor
676,Roseline,Melleta,Roseline.Melleta@yopmail.com,Roseline.Melleta@gmail.com,firefighter
677,Robbi,Ledah,Robbi.Ledah@yopmail.com,Robbi.Ledah@gmail.com,worker
678,Korrie,Oster,Korrie.Oster@yopmail.com,Korrie.Oster@gmail.com,police officer
679,Calla,Marcellus,Calla.Marcellus@yopmail.com,Calla.Marcellus@gmail.com,firefighter
680,Lory,Dowski,Lory.Dowski@yopmail.com,Lory.Dowski@gmail.com,police officer
681,Adele,Hedve,Adele.Hedve@yopmail.com,Adele.Hedve@gmail.com,worker
682,Blinni,Saint,Blinni.Saint@yopmail.com,Blinni.Saint@gmail.com,worker
683,Jobi,Magnolia,Jobi.Magnolia@yopmail.com,Jobi.Magnolia@gmail.com,doctor
684,Marinna,O'Carroll,Marinna.O'Carroll@yopmail.com,Marinna.O'Carroll@gmail.com,developer
685,Olivette,Sherfield,Olivette.Sherfield@yopmail.com,Olivette.Sherfield@gmail.com,firefighter
686,Imojean,Bevin,Imojean.Bevin@yopmail.com,Imojean.Bevin@gmail.com,developer
687,Shel,Bethany,Shel.Bethany@yopmail.com,Shel.Bethany@gmail.com,developer
688,Gilligan,Grobe,Gilligan.Grobe@yopmail.com,Gilligan.Grobe@gmail.com,firefighter
689,Zia,Bronk,Zia.Bronk@yopmail.com,Zia.Bronk@gmail.com,worker
690,Adele,Carbo,Adele.Carbo@yopmail.com,Adele.Carbo@gmail.com,developer
691,Lucy,Colp,Lucy.Colp@yopmail.com,Lucy.Colp@gmail.com,doctor
692,Linet,Tiffa,Linet.Tiffa@yopmail.com,Linet.Tiffa@gmail.com,firefighter
693,Shandie,Bevin,Shandie.Bevin@yopmail.com,Shandie.Bevin@gmail.com,police officer
694,Linzy,Zenas,Linzy.Zenas@yopmail.com,Linzy.Zenas@gmail.com,firefighter
695,Eve,Aloise,Eve.Aloise@yopmail.com,Eve.Aloise@gmail.com,firefighter
696,Jany,Dyche,Jany.Dyche@yopmail.com,Jany.Dyche@gmail.com,firefighter
697,Olivette,Goth,Olivette.Goth@yopmail.com,Olivette.Goth@gmail.com,police officer
698,Gratia,Simmonds,Gratia.Simmonds@yopmail.com,Gratia.Simmonds@gmail.com,firefighter
699,Etta,Iphlgenia,Etta.Iphlgenia@yopmail.com,Etta.Iphlgenia@gmail.com,doctor
700,Averyl,Read,Averyl.Read@yopmail.com,Averyl.Read@gmail.com,firefighter
701,Nerta,Bonucci,Nerta.Bonucci@yopmail.com,Nerta.Bonucci@gmail.com,firefighter
702,Coral,Grobe,Coral.Grobe@yopmail.com,Coral.Grobe@gmail.com,developer
703,Ericka,Trey,Ericka.Trey@yopmail.com,Ericka.Trey@gmail.com,police officer
704,Margette,Izaak,Margette.Izaak@yopmail.com,Margette.Izaak@gmail.com,firefighter
705,Sashenka,Beebe,Sashenka.Beebe@yopmail.com,Sashenka.Beebe@gmail.com,doctor
706,Cristine,Serilda,Cristine.Serilda@yopmail.com,Cristine.Serilda@gmail.com,developer
707,Leeanne,Felizio,Leeanne.Felizio@yopmail.com,Leeanne.Felizio@gmail.com,police officer
708,Helsa,Truc,Helsa.Truc@yopmail.com,Helsa.Truc@gmail.com,doctor
709,Nyssa,Zuzana,Nyssa.Zuzana@yopmail.com,Nyssa.Zuzana@gmail.com,developer
710,Lexine,Earlie,Lexine.Earlie@yopmail.com,Lexine.Earlie@gmail.com,developer
711,Flory,Eckblad,Flory.Eckblad@yopmail.com,Flory.Eckblad@gmail.com,firefighter
712,Harrietta,Johanna,Harrietta.Johanna@yopmail.com,Harrietta.Johanna@gmail.com,worker
713,Ethel,Yorick,Ethel.Yorick@yopmail.com,Ethel.Yorick@gmail.com,doctor
714,Ana,Ortrude,Ana.Ortrude@yopmail.com,Ana.Ortrude@gmail.com,firefighter
715,Gloria,Hanleigh,Gloria.Hanleigh@yopmail.com,Gloria.Hanleigh@gmail.com,police officer
716,Carly,Mullane,Carly.Mullane@yopmail.com,Carly.Mullane@gmail.com,worker
717,Katleen,Carleen,Katleen.Carleen@yopmail.com,Katleen.Carleen@gmail.com,firefighter
718,Rosaline,Iphlgenia,Rosaline.Iphlgenia@yopmail.com,Rosaline.Iphlgenia@gmail.com,firefighter
719,Cyb,Ivens,Cyb.Ivens@yopmail.com,Cyb.Ivens@gmail.com,firefighter
720,Sybille,Joseph,Sybille.Joseph@yopmail.com,Sybille.Joseph@gmail.com,developer
721,Jolyn,Zitvaa,Jolyn.Zitvaa@yopmail.com,Jolyn.Zitvaa@gmail.com,worker
722,Cyb,Ivens,Cyb.Ivens@yopmail.com,Cyb.Ivens@gmail.com,worker
723,Magdalena,Rese,Magdalena.Rese@yopmail.com,Magdalena.Rese@gmail.com,firefighter
724,Lauryn,Riva,Lauryn.Riva@yopmail.com,Lauryn.Riva@gmail.com,developer
725,Angelique,Uird,Angelique.Uird@yopmail.com,Angelique.Uird@gmail.com,firefighter
726,Natka,Rolf,Natka.Rolf@yopmail.com,Natka.Rolf@gmail.com,firefighter
727,Alyssa,Glovsky,Alyssa.Glovsky@yopmail.com,Alyssa.Glovsky@gmail.com,worker
728,Siana,Malina,Siana.Malina@yopmail.com,Siana.Malina@gmail.com,police officer
729,Selma,Thar,Selma.Thar@yopmail.com,Selma.Thar@gmail.com,police officer
730,Marika,Rillings,Marika.Rillings@yopmail.com,Marika.Rillings@gmail.com,worker
731,Eolanda,Lail,Eolanda.Lail@yopmail.com,Eolanda.Lail@gmail.com,police officer
732,Aaren,Joni,Aaren.Joni@yopmail.com,Aaren.Joni@gmail.com,doctor
733,Linzy,Dreda,Linzy.Dreda@yopmail.com,Linzy.Dreda@gmail.com,doctor
734,Catrina,McCutcheon,Catrina.McCutcheon@yopmail.com,Catrina.McCutcheon@gmail.com,worker
735,Linzy,Taima,Linzy.Taima@yopmail.com,Linzy.Taima@gmail.com,doctor
736,Willetta,Oster,Willetta.Oster@yopmail.com,Willetta.Oster@gmail.com,firefighter
737,Kamilah,Winthorpe,Kamilah.Winthorpe@yopmail.com,Kamilah.Winthorpe@gmail.com,firefighter
738,Bettine,Fiester,Bettine.Fiester@yopmail.com,Bettine.Fiester@gmail.com,worker
739,Lindie,Colyer,Lindie.Colyer@yopmail.com,Lindie.Colyer@gmail.com,developer
740,Glenda,Zrike,Glenda.Zrike@yopmail.com,Glenda.Zrike@gmail.com,developer
741,Karlee,Loleta,Karlee.Loleta@yopmail.com,Karlee.Loleta@gmail.com,doctor
742,Edee,Klotz,Edee.Klotz@yopmail.com,Edee.Klotz@gmail.com,police officer
743,Keelia,Maples,Keelia.Maples@yopmail.com,Keelia.Maples@gmail.com,developer
744,Emylee,Hathaway,Emylee.Hathaway@yopmail.com,Emylee.Hathaway@gmail.com,firefighter
745,Sean,Klotz,Sean.Klotz@yopmail.com,Sean.Klotz@gmail.com,police officer
746,Fina,Gaynor,Fina.Gaynor@yopmail.com,Fina.Gaynor@gmail.com,firefighter
747,Mahalia,Naor,Mahalia.Naor@yopmail.com,Mahalia.Naor@gmail.com,doctor
748,Barbara,Imelida,Barbara.Imelida@yopmail.com,Barbara.Imelida@gmail.com,developer
749,Janis,Mandler,Janis.Mandler@yopmail.com,Janis.Mandler@gmail.com,police officer
750,Harmonia,Sisile,Harmonia.Sisile@yopmail.com,Harmonia.Sisile@gmail.com,doctor
751,Betta,Skell,Betta.Skell@yopmail.com,Betta.Skell@gmail.com,police officer
752,Gusella,Tamar,Gusella.Tamar@yopmail.com,Gusella.Tamar@gmail.com,firefighter
753,Cam,Emerson,Cam.Emerson@yopmail.com,Cam.Emerson@gmail.com,firefighter
754,Leanna,Hourigan,Leanna.Hourigan@yopmail.com,Leanna.Hourigan@gmail.com,police officer
755,Glenda,Hunfredo,Glenda.Hunfredo@yopmail.com,Glenda.Hunfredo@gmail.com,doctor
756,Petronia,Deny,Petronia.Deny@yopmail.com,Petronia.Deny@gmail.com,doctor
757,Tressa,Salvidor,Tressa.Salvidor@yopmail.com,Tressa.Salvidor@gmail.com,firefighter
758,Thalia,Hathaway,Thalia.Hathaway@yopmail.com,Thalia.Hathaway@gmail.com,firefighter
759,Tressa,Rossner,Tressa.Rossner@yopmail.com,Tressa.Rossner@gmail.com,firefighter
760,Ardys,Klotz,Ardys.Klotz@yopmail.com,Ardys.Klotz@gmail.com,worker
761,Gwyneth,Bandeen,Gwyneth.Bandeen@yopmail.com,Gwyneth.Bandeen@gmail.com,firefighter
762,Celisse,Karl,Celisse.Karl@yopmail.com,Celisse.Karl@gmail.com,doctor
763,Marinna,Laverne,Marinna.Laverne@yopmail.com,Marinna.Laverne@gmail.com,doctor
764,Kate,McClimans,Kate.McClimans@yopmail.com,Kate.McClimans@gmail.com,doctor
765,Modestia,Sawtelle,Modestia.Sawtelle@yopmail.com,Modestia.Sawtelle@gmail.com,firefighter
766,Allis,Sacken,Allis.Sacken@yopmail.com,Allis.Sacken@gmail.com,worker
767,Christy,Ardeha,Christy.Ardeha@yopmail.com,Christy.Ardeha@gmail.com,firefighter
768,Joceline,Baylor,Joceline.Baylor@yopmail.com,Joceline.Baylor@gmail.com,doctor
769,Sharlene,Schwejda,Sharlene.Schwejda@yopmail.com,Sharlene.Schwejda@gmail.com,worker
770,Gwenneth,Lucienne,Gwenneth.Lucienne@yopmail.com,Gwenneth.Lucienne@gmail.com,developer
771,Desirae,Georgy,Desirae.Georgy@yopmail.com,Desirae.Georgy@gmail.com,police officer
772,Oralee,Seumas,Oralee.Seumas@yopmail.com,Oralee.Seumas@gmail.com,worker
773,Vevay,Valoniah,Vevay.Valoniah@yopmail.com,Vevay.Valoniah@gmail.com,firefighter
774,Steffane,Michella,Steffane.Michella@yopmail.com,Steffane.Michella@gmail.com,doctor
775,Silvana,Zachary,Silvana.Zachary@yopmail.com,Silvana.Zachary@gmail.com,firefighter
776,Grier,Dorine,Grier.Dorine@yopmail.com,Grier.Dorine@gmail.com,worker
777,Pierette,Pip,Pierette.Pip@yopmail.com,Pierette.Pip@gmail.com,police officer
778,Evita,Aurelio,Evita.Aurelio@yopmail.com,Evita.Aurelio@gmail.com,police officer
779,Lily,Garek,Lily.Garek@yopmail.com,Lily.Garek@gmail.com,firefighter
780,Fayre,Israeli,Fayre.Israeli@yopmail.com,Fayre.Israeli@gmail.com,doctor
781,Cassondra,Masao,Cassondra.Masao@yopmail.com,Cassondra.Masao@gmail.com,firefighter
782,Helsa,Letsou,Helsa.Letsou@yopmail.com,Helsa.Letsou@gmail.com,worker
783,Bettine,Roscoe,Bettine.Roscoe@yopmail.com,Bettine.Roscoe@gmail.com,doctor
784,Danika,Hanshaw,Danika.Hanshaw@yopmail.com,Danika.Hanshaw@gmail.com,police officer
785,Vere,Baudin,Vere.Baudin@yopmail.com,Vere.Baudin@gmail.com,police officer
786,Latisha,Lubin,Latisha.Lubin@yopmail.com,Latisha.Lubin@gmail.com,worker
787,Michaelina,Dom,Michaelina.Dom@yopmail.com,Michaelina.Dom@gmail.com,firefighter
788,Ulrike,Dyche,Ulrike.Dyche@yopmail.com,Ulrike.Dyche@gmail.com,firefighter
789,Kayla,Cadmar,Kayla.Cadmar@yopmail.com,Kayla.Cadmar@gmail.com,doctor
790,Desirae,Alva,Desirae.Alva@yopmail.com,Desirae.Alva@gmail.com,firefighter
791,Danny,Leary,Danny.Leary@yopmail.com,Danny.Leary@gmail.com,firefighter
792,Bibby,Rona,Bibby.Rona@yopmail.com,Bibby.Rona@gmail.com,worker
793,Bernardine,Pernick,Bernardine.Pernick@yopmail.com,Bernardine.Pernick@gmail.com,doctor
794,Layla,Jacqui,Layla.Jacqui@yopmail.com,Layla.Jacqui@gmail.com,police officer
795,Sharlene,Baylor,Sharlene.Baylor@yopmail.com,Sharlene.Baylor@gmail.com,police officer
796,Augustine,Holtz,Augustine.Holtz@yopmail.com,Augustine.Holtz@gmail.com,police officer
797,Marjie,Suanne,Marjie.Suanne@yopmail.com,Marjie.Suanne@gmail.com,developer
798,Miquela,Alcott,Miquela.Alcott@yopmail.com,Miquela.Alcott@gmail.com,police officer
799,Ekaterina,Means,Ekaterina.Means@yopmail.com,Ekaterina.Means@gmail.com,worker
800,Carmencita,Alcott,Carmencita.Alcott@yopmail.com,Carmencita.Alcott@gmail.com,developer
801,Ariela,Virgin,Ariela.Virgin@yopmail.com,Ariela.Virgin@gmail.com,firefighter
802,Willetta,Plato,Willetta.Plato@yopmail.com,Willetta.Plato@gmail.com,worker
803,Emmey,Palocz,Emmey.Palocz@yopmail.com,Emmey.Palocz@gmail.com,firefighter
804,Gale,Gilmour,Gale.Gilmour@yopmail.com,Gale.Gilmour@gmail.com,police officer
805,Kial,Maroney,Kial.Maroney@yopmail.com,Kial.Maroney@gmail.com,worker
806,Sheelagh,Bibi,Sheelagh.Bibi@yopmail.com,Sheelagh.Bibi@gmail.com,police officer
807,Tarra,Jeanne,Tarra.Jeanne@yopmail.com,Tarra.Jeanne@gmail.com,worker
808,Talya,Rosette,Talya.Rosette@yopmail.com,Talya.Rosette@gmail.com,police officer
809,Kaja,Autrey,Kaja.Autrey@yopmail.com,Kaja.Autrey@gmail.com,doctor
810,Augustine,Schlosser,Augustine.Schlosser@yopmail.com,Augustine.Schlosser@gmail.com,worker
811,Dania,Wittie,Dania.Wittie@yopmail.com,Dania.Wittie@gmail.com,police officer
812,Ivett,Quinn,Ivett.Quinn@yopmail.com,Ivett.Quinn@gmail.com,police officer
813,Alie,Demitria,Alie.Demitria@yopmail.com,Alie.Demitria@gmail.com,doctor
814,Ericka,Hieronymus,Ericka.Hieronymus@yopmail.com,Ericka.Hieronymus@gmail.com,developer
815,Sara-Ann,Doig,Sara-Ann.Doig@yopmail.com,Sara-Ann.Doig@gmail.com,police officer
816,Gabi,Gunn,Gabi.Gunn@yopmail.com,Gabi.Gunn@gmail.com,police officer
817,Chrystel,Kesley,Chrystel.Kesley@yopmail.com,Chrystel.Kesley@gmail.com,doctor
818,June,Rheingold,June.Rheingold@yopmail.com,June.Rheingold@gmail.com,developer
819,Candy,Zina,Candy.Zina@yopmail.com,Candy.Zina@gmail.com,worker
820,Corry,Klemperer,Corry.Klemperer@yopmail.com,Corry.Klemperer@gmail.com,developer
821,Aaren,Lubin,Aaren.Lubin@yopmail.com,Aaren.Lubin@gmail.com,firefighter
822,Ivett,Hepsibah,Ivett.Hepsibah@yopmail.com,Ivett.Hepsibah@gmail.com,developer
823,Ethel,Gilmour,Ethel.Gilmour@yopmail.com,Ethel.Gilmour@gmail.com,developer
824,Laure,Milde,Laure.Milde@yopmail.com,Laure.Milde@gmail.com,police officer
825,Oralee,Dulciana,Oralee.Dulciana@yopmail.com,Oralee.Dulciana@gmail.com,developer
826,Brena,Ranjiv,Brena.Ranjiv@yopmail.com,Brena.Ranjiv@gmail.com,developer
827,Gwenneth,Oscar,Gwenneth.Oscar@yopmail.com,Gwenneth.Oscar@gmail.com,doctor
828,Gabriellia,Donell,Gabriellia.Donell@yopmail.com,Gabriellia.Donell@gmail.com,firefighter
829,Kittie,Jena,Kittie.Jena@yopmail.com,Kittie.Jena@gmail.com,developer
830,Marguerite,Lane,Marguerite.Lane@yopmail.com,Marguerite.Lane@gmail.com,developer
831,Aigneis,Dawkins,Aigneis.Dawkins@yopmail.com,Aigneis.Dawkins@gmail.com,developer
832,Roxane,Elo,Roxane.Elo@yopmail.com,Roxane.Elo@gmail.com,doctor
833,Courtnay,Braun,Courtnay.Braun@yopmail.com,Courtnay.Braun@gmail.com,worker
834,Fayre,McCutcheon,Fayre.McCutcheon@yopmail.com,Fayre.McCutcheon@gmail.com,worker
835,Shell,Jarib,Shell.Jarib@yopmail.com,Shell.Jarib@gmail.com,developer
836,Kayla,Chaing,Kayla.Chaing@yopmail.com,Kayla.Chaing@gmail.com,developer
837,Bee,Maroney,Bee.Maroney@yopmail.com,Bee.Maroney@gmail.com,firefighter
838,Cyndie,Rese,Cyndie.Rese@yopmail.com,Cyndie.Rese@gmail.com,firefighter
839,Caryl,Neva,Caryl.Neva@yopmail.com,Caryl.Neva@gmail.com,worker
840,Catrina,Prober,Catrina.Prober@yopmail.com,Catrina.Prober@gmail.com,firefighter
841,Christy,Joseph,Christy.Joseph@yopmail.com,Christy.Joseph@gmail.com,worker
842,Ida,Faso,Ida.Faso@yopmail.com,Ida.Faso@gmail.com,police officer
843,Vivia,Fry,Vivia.Fry@yopmail.com,Vivia.Fry@gmail.com,police officer
844,Dacia,Barney,Dacia.Barney@yopmail.com,Dacia.Barney@gmail.com,firefighter
845,Lorenza,Tybald,Lorenza.Tybald@yopmail.com,Lorenza.Tybald@gmail.com,doctor
846,Krystle,Halla,Krystle.Halla@yopmail.com,Krystle.Halla@gmail.com,doctor
847,Aigneis,Sammons,Aigneis.Sammons@yopmail.com,Aigneis.Sammons@gmail.com,police officer
848,Dorice,Raffo,Dorice.Raffo@yopmail.com,Dorice.Raffo@gmail.com,police officer
849,Charissa,Germann,Charissa.Germann@yopmail.com,Charissa.Germann@gmail.com,police officer
850,Corina,Maroney,Corina.Maroney@yopmail.com,Corina.Maroney@gmail.com,worker
851,Anica,Hanshaw,Anica.Hanshaw@yopmail.com,Anica.Hanshaw@gmail.com,developer
852,Hope,Lay,Hope.Lay@yopmail.com,Hope.Lay@gmail.com,developer
853,Britte,Evvie,Britte.Evvie@yopmail.com,Britte.Evvie@gmail.com,doctor
854,Carilyn,Charmine,Carilyn.Charmine@yopmail.com,Carilyn.Charmine@gmail.com,police officer
855,Kore,Lane,Kore.Lane@yopmail.com,Kore.Lane@gmail.com,firefighter
856,Minne,Terrence,Minne.Terrence@yopmail.com,Minne.Terrence@gmail.com,worker
857,Carmencita,Niccolo,Carmencita.Niccolo@yopmail.com,Carmencita.Niccolo@gmail.com,doctor
858,Gianina,Lymann,Gianina.Lymann@yopmail.com,Gianina.Lymann@gmail.com,firefighter
859,Corry,Chandler,Corry.Chandler@yopmail.com,Corry.Chandler@gmail.com,police officer
860,Gui,Milde,Gui.Milde@yopmail.com,Gui.Milde@gmail.com,doctor
861,Luci,Hutchison,Luci.Hutchison@yopmail.com,Luci.Hutchison@gmail.com,police officer
862,Kristan,Alva,Kristan.Alva@yopmail.com,Kristan.Alva@gmail.com,police officer
863,Tiffie,Amand,Tiffie.Amand@yopmail.com,Tiffie.Amand@gmail.com,doctor
864,Carly,Gemini,Carly.Gemini@yopmail.com,Carly.Gemini@gmail.com,firefighter
865,Ingrid,Darian,Ingrid.Darian@yopmail.com,Ingrid.Darian@gmail.com,doctor
866,Lorne,Dielu,Lorne.Dielu@yopmail.com,Lorne.Dielu@gmail.com,worker
867,Dolli,Braun,Dolli.Braun@yopmail.com,Dolli.Braun@gmail.com,developer
868,Andree,Winthorpe,Andree.Winthorpe@yopmail.com,Andree.Winthorpe@gmail.com,doctor
869,Madalyn,Woodberry,Madalyn.Woodberry@yopmail.com,Madalyn.Woodberry@gmail.com,firefighter
870,Ofilia,Charmine,Ofilia.Charmine@yopmail.com,Ofilia.Charmine@gmail.com,worker
871,Sam,Lipson,Sam.Lipson@yopmail.com,Sam.Lipson@gmail.com,firefighter
872,Sharlene,Aurelio,Sharlene.Aurelio@yopmail.com,Sharlene.Aurelio@gmail.com,worker
873,Myrtice,Pascia,Myrtice.Pascia@yopmail.com,Myrtice.Pascia@gmail.com,doctor
874,Emma,Sadowski,Emma.Sadowski@yopmail.com,Emma.Sadowski@gmail.com,police officer
875,Zaria,Ries,Zaria.Ries@yopmail.com,Zaria.Ries@gmail.com,doctor
876,Desirae,Naor,Desirae.Naor@yopmail.com,Desirae.Naor@gmail.com,firefighter
877,Corly,Hollingsworth,Corly.Hollingsworth@yopmail.com,Corly.Hollingsworth@gmail.com,worker
878,Madeleine,Radu,Madeleine.Radu@yopmail.com,Madeleine.Radu@gmail.com,police officer
879,Mureil,Ursulette,Mureil.Ursulette@yopmail.com,Mureil.Ursulette@gmail.com,firefighter
880,Dulce,Sandye,Dulce.Sandye@yopmail.com,Dulce.Sandye@gmail.com,police officer
881,Stevana,Dimitris,Stevana.Dimitris@yopmail.com,Stevana.Dimitris@gmail.com,worker
882,Hildegaard,Azeria,Hildegaard.Azeria@yopmail.com,Hildegaard.Azeria@gmail.com,firefighter
883,Konstance,Jotham,Konstance.Jotham@yopmail.com,Konstance.Jotham@gmail.com,developer
884,Jeanna,Pillsbury,Jeanna.Pillsbury@yopmail.com,Jeanna.Pillsbury@gmail.com,doctor
885,Ronna,Georgy,Ronna.Georgy@yopmail.com,Ronna.Georgy@gmail.com,developer
886,Andree,Jotham,Andree.Jotham@yopmail.com,Andree.Jotham@gmail.com,doctor
887,Leona,Mehalek,Leona.Mehalek@yopmail.com,Leona.Mehalek@gmail.com,worker
888,Antonietta,Pelagias,Antonietta.Pelagias@yopmail.com,Antonietta.Pelagias@gmail.com,firefighter
889,Esmeralda,Rugen,Esmeralda.Rugen@yopmail.com,Esmeralda.Rugen@gmail.com,doctor
890,Queenie,Raseda,Queenie.Raseda@yopmail.com,Queenie.Raseda@gmail.com,doctor
891,Misha,Kamaria,Misha.Kamaria@yopmail.com,Misha.Kamaria@gmail.com,doctor
892,Gwenneth,Obed,Gwenneth.Obed@yopmail.com,Gwenneth.Obed@gmail.com,doctor
893,Rani,Korey,Rani.Korey@yopmail.com,Rani.Korey@gmail.com,doctor
894,Jacquetta,Irmine,Jacquetta.Irmine@yopmail.com,Jacquetta.Irmine@gmail.com,doctor
895,Vita,Zeeba,Vita.Zeeba@yopmail.com,Vita.Zeeba@gmail.com,developer
896,Frances,Tice,Frances.Tice@yopmail.com,Frances.Tice@gmail.com,police officer
897,Jaime,Suzetta,Jaime.Suzetta@yopmail.com,Jaime.Suzetta@gmail.com,police officer
898,Mady,Trace,Mady.Trace@yopmail.com,Mady.Trace@gmail.com,doctor
899,Sallie,Trey,Sallie.Trey@yopmail.com,Sallie.Trey@gmail.com,doctor
900,Myrtice,Koehler,Myrtice.Koehler@yopmail.com,Myrtice.Koehler@gmail.com,doctor
901,Maud,Adalbert,Maud.Adalbert@yopmail.com,Maud.Adalbert@gmail.com,police officer
902,Rivalee,Dannye,Rivalee.Dannye@yopmail.com,Rivalee.Dannye@gmail.com,firefighter
903,Merle,Laverne,Merle.Laverne@yopmail.com,Merle.Laverne@gmail.com,firefighter
904,Mary,Land,Mary.Land@yopmail.com,Mary.Land@gmail.com,worker
905,Christy,Klotz,Christy.Klotz@yopmail.com,Christy.Klotz@gmail.com,doctor
906,Ivett,Lewes,Ivett.Lewes@yopmail.com,Ivett.Lewes@gmail.com,police officer
907,Marguerite,Percy,Marguerite.Percy@yopmail.com,Marguerite.Percy@gmail.com,firefighter
918,Eadie,Maiah,Eadie.Maiah@yopmail.com,Eadie.Maiah@gmail.com,worker
919,Letizia,Torray,Letizia.Torray@yopmail.com,Letizia.Torray@gmail.com,police officer
920,Marline,Laverne,Marline.Laverne@yopmail.com,Marline.Laverne@gmail.com,police officer
921,Gwenneth,Tomasina,Gwenneth.Tomasina@yopmail.com,Gwenneth.Tomasina@gmail.com,worker
922,Imojean,Zola,Imojean.Zola@yopmail.com,Imojean.Zola@gmail.com,police officer
923,Hannis,Pandolfi,Hannis.Pandolfi@yopmail.com,Hannis.Pandolfi@gmail.com,worker
924,Gabi,Atcliffe,Gabi.Atcliffe@yopmail.com,Gabi.Atcliffe@gmail.com,worker
925,Candi,Elo,Candi.Elo@yopmail.com,Candi.Elo@gmail.com,police officer
926,Dominga,Aprile,Dominga.Aprile@yopmail.com,Dominga.Aprile@gmail.com,firefighter
927,Jolyn,Rona,Jolyn.Rona@yopmail.com,Jolyn.Rona@gmail.com,firefighter
928,Mellicent,Ade,Mellicent.Ade@yopmail.com,Mellicent.Ade@gmail.com,worker
929,Olwen,Syd,Olwen.Syd@yopmail.com,Olwen.Syd@gmail.com,doctor
930,Merrie,Rosette,Merrie.Rosette@yopmail.com,Merrie.Rosette@gmail.com,firefighter
931,Fawne,Shuler,Fawne.Shuler@yopmail.com,Fawne.Shuler@gmail.com,developer
932,Glynnis,Jarib,Glynnis.Jarib@yopmail.com,Glynnis.Jarib@gmail.com,developer
933,Lita,Hanleigh,Lita.Hanleigh@yopmail.com,Lita.Hanleigh@gmail.com,worker
934,Chickie,Gusella,Chickie.Gusella@yopmail.com,Chickie.Gusella@gmail.com,worker
935,Lita,Borrell,Lita.Borrell@yopmail.com,Lita.Borrell@gmail.com,firefighter
936,Jessy,Estella,Jessy.Estella@yopmail.com,Jessy.Estella@gmail.com,developer
937,Cristine,Jaylene,Cristine.Jaylene@yopmail.com,Cristine.Jaylene@gmail.com,firefighter
938,Janey,Gillan,Janey.Gillan@yopmail.com,Janey.Gillan@gmail.com,developer
939,Asia,Bahr,Asia.Bahr@yopmail.com,Asia.Bahr@gmail.com,developer
940,Leontine,Erskine,Leontine.Erskine@yopmail.com,Leontine.Erskine@gmail.com,doctor
941,Clementine,Fleeta,Clementine.Fleeta@yopmail.com,Clementine.Fleeta@gmail.com,firefighter
942,Esmeralda,Raseda,Esmeralda.Raseda@yopmail.com,Esmeralda.Raseda@gmail.com,firefighter
943,Jaime,Cadmar,Jaime.Cadmar@yopmail.com,Jaime.Cadmar@gmail.com,developer
944,Lita,Juan,Lita.Juan@yopmail.com,Lita.Juan@gmail.com,police officer
945,Marnia,Kare,Marnia.Kare@yopmail.com,Marnia.Kare@gmail.com,police officer
946,Clarice,Uund,Clarice.Uund@yopmail.com,Clarice.Uund@gmail.com,developer
947,Roseline,Penelopa,Roseline.Penelopa@yopmail.com,Roseline.Penelopa@gmail.com,developer
948,Regina,Ferrell,Regina.Ferrell@yopmail.com,Regina.Ferrell@gmail.com,developer
949,Elie,Valerio,Elie.Valerio@yopmail.com,Elie.Valerio@gmail.com,doctor
950,Janis,Burkle,Janis.Burkle@yopmail.com,Janis.Burkle@gmail.com,firefighter
951,Edith,Glovsky,Edith.Glovsky@yopmail.com,Edith.Glovsky@gmail.com,developer
952,Rivalee,Idelia,Rivalee.Idelia@yopmail.com,Rivalee.Idelia@gmail.com,police officer
953,Netty,Ehrman,Netty.Ehrman@yopmail.com,Netty.Ehrman@gmail.com,worker
954,Louella,Bury,Louella.Bury@yopmail.com,Louella.Bury@gmail.com,doctor
955,Pamella,Bebe,Pamella.Bebe@yopmail.com,Pamella.Bebe@gmail.com,police officer
956,Livvyy,Ahab,Livvyy.Ahab@yopmail.com,Livvyy.Ahab@gmail.com,firefighter
957,Janey,Oscar,Janey.Oscar@yopmail.com,Janey.Oscar@gmail.com,firefighter
958,Ardeen,Ardeha,Ardeen.Ardeha@yopmail.com,Ardeen.Ardeha@gmail.com,developer
959,Desirae,Khorma,Desirae.Khorma@yopmail.com,Desirae.Khorma@gmail.com,doctor
960,Ofilia,Wildermuth,Ofilia.Wildermuth@yopmail.com,Ofilia.Wildermuth@gmail.com,worker
961,Ezmeralda,Hourigan,Ezmeralda.Hourigan@yopmail.com,Ezmeralda.Hourigan@gmail.com,police officer
962,Charissa,McNully,Charissa.McNully@yopmail.com,Charissa.McNully@gmail.com,worker
963,Dolli,Xerxes,Dolli.Xerxes@yopmail.com,Dolli.Xerxes@gmail.com,worker
964,Corly,Vanni,Corly.Vanni@yopmail.com,Corly.Vanni@gmail.com,firefighter
965,Cherilyn,Hazlett,Cherilyn.Hazlett@yopmail.com,Cherilyn.Hazlett@gmail.com,developer
966,Bee,Truc,Bee.Truc@yopmail.com,Bee.Truc@gmail.com,firefighter
987,Cordi,Kirstin,Cordi.Kirstin@yopmail.com,Cordi.Kirstin@gmail.com,developer
988,Shaylyn,Bach,Shaylyn.Bach@yopmail.com,Shaylyn.Bach@gmail.com,police officer
989,Nikki,Darian,Nikki.Darian@yopmail.com,Nikki.Darian@gmail.com,worker
990,Ronna,Schenck,Ronna.Schenck@yopmail.com,Ronna.Schenck@gmail.com,doctor
991,Carilyn,Ashok,Carilyn.Ashok@yopmail.com,Carilyn.Ashok@gmail.com,firefighter
992,Robinia,Lia,Robinia.Lia@yopmail.com,Robinia.Lia@gmail.com,police officer
993,Annora,Rugen,Annora.Rugen@yopmail.com,Annora.Rugen@gmail.com,worker
994,Lanae,Gino,Lanae.Gino@yopmail.com,Lanae.Gino@gmail.com,police officer
995,Abbie,Donell,Abbie.Donell@yopmail.com,Abbie.Donell@gmail.com,doctor
996,Ulrike,Rese,Ulrike.Rese@yopmail.com,Ulrike.Rese@gmail.com,doctor
997,Violet,Nadia,Violet.Nadia@yopmail.com,Violet.Nadia@gmail.com,doctor
998,Krystle,Joeann,Krystle.Joeann@yopmail.com,Krystle.Joeann@gmail.com,firefighter
999,Viki,Giule,Viki.Giule@yopmail.com,Viki.Giule@gmail.com,developer
1000,Cherilyn,Papageno,Cherilyn.Papageno@yopmail.com,Cherilyn.Papageno@gmail.com,firefighter
1001,Blake,Ricarda,Blake.Ricarda@yopmail.com,Blake.Ricarda@gmail.com,worker
1002,Alie,Chaing,Alie.Chaing@yopmail.com,Alie.Chaing@gmail.com,firefighter
1003,Randa,Publia,Randa.Publia@yopmail.com,Randa.Publia@gmail.com,firefighter
1004,Fidelia,Kamaria,Fidelia.Kamaria@yopmail.com,Fidelia.Kamaria@gmail.com,developer
1005,Annice,Pulsifer,Annice.Pulsifer@yopmail.com,Annice.Pulsifer@gmail.com,police officer
1006,Elyssa,Sprage,Elyssa.Sprage@yopmail.com,Elyssa.Sprage@gmail.com,developer
1007,Madalyn,Berriman,Madalyn.Berriman@yopmail.com,Madalyn.Berriman@gmail.com,police officer
1008,Gloria,Hunfredo,Gloria.Hunfredo@yopmail.com,Gloria.Hunfredo@gmail.com,doctor
1009,Elise,Valerio,Elise.Valerio@yopmail.com,Elise.Valerio@gmail.com,worker
1010,Elka,Beebe,Elka.Beebe@yopmail.com,Elka.Beebe@gmail.com,developer
1011,Vonny,Ehrman,Vonny.Ehrman@yopmail.com,Vonny.Ehrman@gmail.com,firefighter
1012,Elvira,Ioab,Elvira.Ioab@yopmail.com,Elvira.Ioab@gmail.com,police officer
1013,Zsa Zsa,Ulphia,Zsa Zsa.Ulphia@yopmail.com,Zsa Zsa.Ulphia@gmail.com,developer
1014,Corene,Yate,Corene.Yate@yopmail.com,Corene.Yate@gmail.com,worker
1015,Tiffie,Serilda,Tiffie.Serilda@yopmail.com,Tiffie.Serilda@gmail.com,doctor
1016,Allis,Hieronymus,Allis.Hieronymus@yopmail.com,Allis.Hieronymus@gmail.com,developer
1017,Karina,Argus,Karina.Argus@yopmail.com,Karina.Argus@gmail.com,police officer
1018,Eve,Romelda,Eve.Romelda@yopmail.com,Eve.Romelda@gmail.com,doctor
1019,Abbie,Garbe,Abbie.Garbe@yopmail.com,Abbie.Garbe@gmail.com,developer
1020,Marsiella,Colp,Marsiella.Colp@yopmail.com,Marsiella.Colp@gmail.com,firefighter
1021,Melina,Ferino,Melina.Ferino@yopmail.com,Melina.Ferino@gmail.com,worker
1022,Doro,Curren,Doro.Curren@yopmail.com,Doro.Curren@gmail.com,firefighter
1023,Quintina,Aaberg,Quintina.Aaberg@yopmail.com,Quintina.Aaberg@gmail.com,worker
1024,Dania,Bow,Dania.Bow@yopmail.com,Dania.Bow@gmail.com,firefighter
1025,Allis,Garbe,Allis.Garbe@yopmail.com,Allis.Garbe@gmail.com,developer
1026,Christian,Rosalba,Christian.Rosalba@yopmail.com,Christian.Rosalba@gmail.com,doctor
1027,Yvonne,Primalia,Yvonne.Primalia@yopmail.com,Yvonne.Primalia@gmail.com,worker
1028,Britte,Vittoria,Britte.Vittoria@yopmail.com,Britte.Vittoria@gmail.com,doctor
1029,Ira,Kenwood,Ira.Kenwood@yopmail.com,Ira.Kenwood@gmail.com,police officer
1030,Darci,Lattie,Darci.Lattie@yopmail.com,Darci.Lattie@gmail.com,police officer
1031,Talya,Kermit,Talya.Kermit@yopmail.com,Talya.Kermit@gmail.com,worker
1032,Emilia,Cosenza,Emilia.Cosenza@yopmail.com,Emilia.Cosenza@gmail.com,developer
1033,Goldie,Shirberg,Goldie.Shirberg@yopmail.com,Goldie.Shirberg@gmail.com,firefighter
1034,Karlee,Weinreb,Karlee.Weinreb@yopmail.com,Karlee.Weinreb@gmail.com,doctor
1035,Silvana,Flita,Silvana.Flita@yopmail.com,Silvana.Flita@gmail.com,worker
1036,Hallie,Autrey,Hallie.Autrey@yopmail.com,Hallie.Autrey@gmail.com,developer
1037,Livvyy,Colp,Livvyy.Colp@yopmail.com,Livvyy.Colp@gmail.com,firefighter
1038,Mady,Roscoe,Mady.Roscoe@yopmail.com,Mady.Roscoe@gmail.com,doctor
1039,Arlena,Joeann,Arlena.Joeann@yopmail.com,Arlena.Joeann@gmail.com,worker
1040,Nelle,Auberbach,Nelle.Auberbach@yopmail.com,Nelle.Auberbach@gmail.com,firefighter
1041,Sarette,Pozzy,Sarette.Pozzy@yopmail.com,Sarette.Pozzy@gmail.com,police officer
1042,Cassondra,Devlen,Cassondra.Devlen@yopmail.com,Cassondra.Devlen@gmail.com,police officer
1043,Heida,Roscoe,Heida.Roscoe@yopmail.com,Heida.Roscoe@gmail.com,police officer
1044,Kimmy,Graig,Kimmy.Graig@yopmail.com,Kimmy.Graig@gmail.com,worker
1045,Ariela,Quent,Ariela.Quent@yopmail.com,Ariela.Quent@gmail.com,worker
1046,Cassandra,Huggins,Cassandra.Huggins@yopmail.com,Cassandra.Huggins@gmail.com,firefighter
1047,Babita,Guildroy,Babita.Guildroy@yopmail.com,Babita.Guildroy@gmail.com,worker
1048,Brooks,Albertine,Brooks.Albertine@yopmail.com,Brooks.Albertine@gmail.com,doctor
1049,Riannon,Ilka,Riannon.Ilka@yopmail.com,Riannon.Ilka@gmail.com,developer
1050,Regina,Dyche,Regina.Dyche@yopmail.com,Regina.Dyche@gmail.com,firefighter
1051,Beth,Kauppi,Beth.Kauppi@yopmail.com,Beth.Kauppi@gmail.com,firefighter
1052,Hettie,O'Neill,Hettie.O'Neill@yopmail.com,Hettie.O'Neill@gmail.com,police officer
1053,Elyssa,Borrell,Elyssa.Borrell@yopmail.com,Elyssa.Borrell@gmail.com,doctor
1054,Jan,Ariella,Jan.Ariella@yopmail.com,Jan.Ariella@gmail.com,firefighter
1055,Mildrid,Penelopa,Mildrid.Penelopa@yopmail.com,Mildrid.Penelopa@gmail.com,developer
1056,Alex,Pelagias,Alex.Pelagias@yopmail.com,Alex.Pelagias@gmail.com,firefighter
1057,Rebeca,Kosey,Rebeca.Kosey@yopmail.com,Rebeca.Kosey@gmail.com,worker
1058,Hettie,Lorain,Hettie.Lorain@yopmail.com,Hettie.Lorain@gmail.com,doctor
1059,Dorothy,Aprile,Dorothy.Aprile@yopmail.com,Dorothy.Aprile@gmail.com,police officer
1060,Dulce,Naor,Dulce.Naor@yopmail.com,Dulce.Naor@gmail.com,doctor
1061,Cassandra,Palocz,Cassandra.Palocz@yopmail.com,Cassandra.Palocz@gmail.com,police officer
1062,Aubrie,Gabrielli,Aubrie.Gabrielli@yopmail.com,Aubrie.Gabrielli@gmail.com,firefighter
1063,Edith,Chinua,Edith.Chinua@yopmail.com,Edith.Chinua@gmail.com,developer
1064,Viviene,Yerkovich,Viviene.Yerkovich@yopmail.com,Viviene.Yerkovich@gmail.com,developer
1065,Amalie,Casimir,Amalie.Casimir@yopmail.com,Amalie.Casimir@gmail.com,firefighter
1066,Lyssa,Harl,Lyssa.Harl@yopmail.com,Lyssa.Harl@gmail.com,police officer
1067,Atlanta,Rhu,Atlanta.Rhu@yopmail.com,Atlanta.Rhu@gmail.com,worker
1068,Kathi,Kiersten,Kathi.Kiersten@yopmail.com,Kathi.Kiersten@gmail.com,developer
1069,Corina,Jalbert,Corina.Jalbert@yopmail.com,Corina.Jalbert@gmail.com,doctor
1070,Linet,Crudden,Linet.Crudden@yopmail.com,Linet.Crudden@gmail.com,firefighter
1071,Jerry,Wu,Jerry.Wu@yopmail.com,Jerry.Wu@gmail.com,worker
1072,Ana,Cimbura,Ana.Cimbura@yopmail.com,Ana.Cimbura@gmail.com,worker
1073,Bobbi,Stacy,Bobbi.Stacy@yopmail.com,Bobbi.Stacy@gmail.com,doctor
1074,Laurene,Roxanna,Laurene.Roxanna@yopmail.com,Laurene.Roxanna@gmail.com,developer
1075,Sallie,Amadas,Sallie.Amadas@yopmail.com,Sallie.Amadas@gmail.com,worker
1076,Kimmy,Ammann,Kimmy.Ammann@yopmail.com,Kimmy.Ammann@gmail.com,worker
1077,Ronna,Nunci,Ronna.Nunci@yopmail.com,Ronna.Nunci@gmail.com,police officer
1078,Jany,Gamaliel,Jany.Gamaliel@yopmail.com,Jany.Gamaliel@gmail.com,developer
1079,Sonni,Uird,Sonni.Uird@yopmail.com,Sonni.Uird@gmail.com,firefighter
1080,Verla,Simmonds,Verla.Simmonds@yopmail.com,Verla.Simmonds@gmail.com,developer
1081,Tami,Amasa,Tami.Amasa@yopmail.com,Tami.Amasa@gmail.com,worker
1082,Clarice,Wenoa,Clarice.Wenoa@yopmail.com,Clarice.Wenoa@gmail.com,police officer
1083,Goldie,Rossner,Goldie.Rossner@yopmail.com,Goldie.Rossner@gmail.com,police officer
1084,Zia,Brodench,Zia.Brodench@yopmail.com,Zia.Brodench@gmail.com,firefighter
1085,Ida,Urania,Ida.Urania@yopmail.com,Ida.Urania@gmail.com,police officer
1086,Ashlee,Nedrud,Ashlee.Nedrud@yopmail.com,Ashlee.Nedrud@gmail.com,firefighter
1087,Miquela,Weaks,Miquela.Weaks@yopmail.com,Miquela.Weaks@gmail.com,doctor
1088,Rivalee,Raama,Rivalee.Raama@yopmail.com,Rivalee.Raama@gmail.com,police officer
1089,Nita,Meter,Nita.Meter@yopmail.com,Nita.Meter@gmail.com,doctor
1090,Farrah,Ogren,Farrah.Ogren@yopmail.com,Farrah.Ogren@gmail.com,firefighter
1091,Kirbee,Han,Kirbee.Han@yopmail.com,Kirbee.Han@gmail.com,police officer
1092,Sean,Bow,Sean.Bow@yopmail.com,Sean.Bow@gmail.com,firefighter
1093,Elfreda,Zuzana,Elfreda.Zuzana@yopmail.com,Elfreda.Zuzana@gmail.com,worker
1094,Dacia,Garek,Dacia.Garek@yopmail.com,Dacia.Garek@gmail.com,developer
1095,Coral,Fabiola,Coral.Fabiola@yopmail.com,Coral.Fabiola@gmail.com,developer
1096,Katleen,Sawtelle,Katleen.Sawtelle@yopmail.com,Katleen.Sawtelle@gmail.com,developer
1097,Tressa,Hollingsworth,Tressa.Hollingsworth@yopmail.com,Tressa.Hollingsworth@gmail.com,developer
1098,Bee,Payson,Bee.Payson@yopmail.com,Bee.Payson@gmail.com,firefighter
1099,Ebonee,Salchunas,Ebonee.Salchunas@yopmail.com,Ebonee.Salchunas@gmail.com,firefighter